排名,回測開始日期,回測結束日期,策略方案,持股檔數,持倉天數,累積總報酬率(%),年化報酬率CAGR(%),最大回撤MDD(%),勝率(%),獲利因子,總交易次數,2021報酬(%),2022空頭(%),2023主升(%),2024報酬(%),2025報酬(%),2026迄今(%)
1,"2021-01-01","2026-09-27","方案 E",5,45,490.45,36.29,24.38,38.1,1.95,498,22.60,-2.77,70.19,11.89,64.36,58.26
2,"2021-01-01","2026-09-27","方案 E",5,120,486.95,36.14,30.99,38.2,1.93,474,36.14,-12.52,75.00,11.01,54.64,64.07
3,"2021-01-01","2026-09-27","方案 E",5,180,486.95,36.14,30.99,38.2,1.93,474,36.14,-12.52,75.00,11.01,54.64,64.07
4,"2021-01-01","2026-09-27","方案 E",5,240,486.95,36.14,30.99,38.2,1.93,474,36.14,-12.52,75.00,11.01,54.64,64.07
5,"2021-01-01","2026-09-27","方案 E",5,300,486.95,36.14,30.99,38.2,1.93,474,36.14,-12.52,75.00,11.01,54.64,64.07
6,"2021-01-01","2026-09-27","方案 E",5,360,486.95,36.14,30.99,38.2,1.93,474,36.14,-12.52,75.00,11.01,54.64,64.07
7,"2021-01-01","2026-09-27","方案 C",5,45,478.64,35.81,40.59,51.2,2.01,363,0.44,-27.94,144.66,61.95,47.13,37.15
8,"2021-01-01","2026-09-27","方案 C",5,90,478.20,35.79,42.46,51.4,2.06,350,-6.31,-27.40,137.56,71.53,48.44,40.52
9,"2021-01-01","2026-09-27","方案 C",5,120,478.20,35.79,42.46,51.4,2.06,350,-6.31,-27.40,137.56,71.53,48.44,40.52
10,"2021-01-01","2026-09-27","方案 C",5,180,478.20,35.79,42.46,51.4,2.06,350,-6.31,-27.40,137.56,71.53,48.44,40.52
11,"2021-01-01","2026-09-27","方案 C",5,240,478.20,35.79,42.46,51.4,2.06,350,-6.31,-27.40,137.56,71.53,48.44,40.52
12,"2021-01-01","2026-09-27","方案 C",5,300,478.20,35.79,42.46,51.4,2.06,350,-6.31,-27.40,137.56,71.53,48.44,40.52
13,"2021-01-01","2026-09-27","方案 C",5,360,478.20,35.79,42.46,51.4,2.06,350,-6.31,-27.40,137.56,71.53,48.44,40.52
14,"2021-01-01","2026-09-27","方案 E",3,30,476.31,35.71,31.05,42.5,1.89,320,28.00,-3.67,79.19,45.25,45.65,23.30
15,"2021-01-01","2026-09-27","方案 E",5,30,466.76,35.32,23.84,40.3,1.82,539,22.33,2.83,64.78,20.28,44.94,56.84
16,"2021-01-01","2026-09-27","方案 A",5,45,466.68,35.31,32.66,46.6,1.99,408,15.09,-17.53,96.49,50.66,66.83,20.88
17,"2021-01-01","2026-09-27","方案 C",5,60,457.35,34.92,40.67,51.3,2.03,353,-5.22,-27.61,116.13,73.70,51.64,42.69
18,"2021-01-01","2026-09-27","方案 E",5,60,440.31,34.19,41.31,36.8,1.88,475,26.58,-28.20,108.59,5.38,55.73,73.68
19,"2021-01-01","2026-09-27","方案 D",5,45,438.14,34.10,27.10,47.0,2.23,304,17.37,-12.33,53.56,106.20,42.57,15.85
20,"2021-01-01","2026-09-27","方案 E",5,90,438.00,34.09,34.31,37.6,1.89,463,25.18,-17.62,81.76,5.77,55.77,74.23
21,"2021-01-01","2026-09-27","方案 D",5,120,428.55,33.68,33.21,44.5,2.20,290,15.09,-22.42,101.93,61.87,49.66,21.01
22,"2021-01-01","2026-09-27","方案 D",5,180,428.55,33.68,33.21,44.5,2.20,290,15.09,-22.42,101.93,61.87,49.66,21.01
23,"2021-01-01","2026-09-27","方案 D",5,240,428.55,33.68,33.21,44.5,2.20,290,15.09,-22.42,101.93,61.87,49.66,21.01
24,"2021-01-01","2026-09-27","方案 D",5,300,428.55,33.68,33.21,44.5,2.20,290,15.09,-22.42,101.93,61.87,49.66,21.01
25,"2021-01-01","2026-09-27","方案 D",5,360,428.55,33.68,33.21,44.5,2.20,290,15.09,-22.42,101.93,61.87,49.66,21.01
26,"2021-01-01","2026-09-27","方案 D",8,45,428.06,33.66,25.11,46.6,2.09,479,21.04,-12.24,59.83,69.75,44.30,26.99
27,"2021-01-01","2026-09-27","方案 C",3,30,424.63,33.51,49.10,53.7,2.04,244,-4.87,-37.95,120.36,87.49,48.18,45.18
28,"2021-01-01","2026-09-27","方案 A",3,30,424.42,33.50,37.13,47.6,1.99,273,24.77,-20.02,81.00,26.57,63.94,39.93
29,"2021-01-01","2026-09-27","方案 A",5,30,418.48,33.23,34.57,47.0,1.83,434,30.76,-15.37,57.46,37.70,76.76,22.24
30,"2021-01-01","2026-09-27","方案 D",5,60,417.67,33.20,37.14,44.1,2.23,295,12.79,-25.50,83.23,86.24,48.52,21.55
31,"2021-01-01","2026-09-27","方案 D",8,180,413.70,33.02,24.96,46.1,2.08,436,26.01,-12.70,67.60,32.45,54.31,36.32
32,"2021-01-01","2026-09-27","方案 D",8,240,413.70,33.02,24.96,46.1,2.08,436,26.01,-12.70,67.60,32.45,54.31,36.32
33,"2021-01-01","2026-09-27","方案 D",8,300,413.70,33.02,24.96,46.1,2.08,436,26.01,-12.70,67.60,32.45,54.31,36.32
34,"2021-01-01","2026-09-27","方案 D",8,360,413.70,33.02,24.96,46.1,2.08,436,26.01,-12.70,67.60,32.45,54.31,36.32
35,"2021-01-01","2026-09-27","方案 A",5,90,412.93,32.98,30.29,46.4,1.85,405,20.94,-14.47,77.05,40.06,61.81,23.59
36,"2021-01-01","2026-09-27","方案 A",5,120,412.93,32.98,30.29,46.4,1.85,405,20.94,-14.47,77.05,40.06,61.81,23.59
37,"2021-01-01","2026-09-27","方案 A",5,180,412.93,32.98,30.29,46.4,1.85,405,20.94,-14.47,77.05,40.06,61.81,23.59
38,"2021-01-01","2026-09-27","方案 A",5,240,412.93,32.98,30.29,46.4,1.85,405,20.94,-14.47,77.05,40.06,61.81,23.59
39,"2021-01-01","2026-09-27","方案 A",5,300,412.93,32.98,30.29,46.4,1.85,405,20.94,-14.47,77.05,40.06,61.81,23.59
40,"2021-01-01","2026-09-27","方案 A",5,360,412.93,32.98,30.29,46.4,1.85,405,20.94,-14.47,77.05,40.06,61.81,23.59
41,"2021-01-01","2026-09-27","方案 A",5,60,411.06,32.90,31.83,46.6,1.85,408,17.94,-17.02,83.20,42.13,62.13,23.70
42,"2021-01-01","2026-09-27","方案 D",8,120,410.96,32.89,24.96,46.0,2.07,437,26.01,-12.70,67.60,32.45,53.19,36.59
43,"2021-01-01","2026-09-27","方案 D",5,90,409.59,32.83,36.65,43.9,2.16,289,15.09,-25.25,99.98,63.05,48.96,21.96
44,"2021-01-01","2026-09-27","方案 A",3,45,404.96,32.62,37.39,46.7,1.99,257,1.93,-18.99,105.51,17.09,84.03,38.10
45,"2021-01-01","2026-09-27","方案 D",10,20,404.48,32.60,26.51,49.0,1.83,884,22.93,-6.51,63.47,27.33,53.46,37.42
46,"2021-01-01","2026-09-27","方案 A",3,60,398.59,32.33,46.37,46.2,2.02,253,-2.58,-25.35,97.70,34.56,85.70,38.78
47,"2021-01-01","2026-09-27","方案 A",3,90,398.59,32.33,46.37,46.2,2.02,253,-2.58,-25.35,97.70,34.56,85.70,38.78
48,"2021-01-01","2026-09-27","方案 A",3,120,398.59,32.33,46.37,46.2,2.02,253,-2.58,-25.35,97.70,34.56,85.70,38.78
49,"2021-01-01","2026-09-27","方案 A",3,180,398.59,32.33,46.37,46.2,2.02,253,-2.58,-25.35,97.70,34.56,85.70,38.78
50,"2021-01-01","2026-09-27","方案 A",3,240,398.59,32.33,46.37,46.2,2.02,253,-2.58,-25.35,97.70,34.56,85.70,38.78
51,"2021-01-01","2026-09-27","方案 A",3,300,398.59,32.33,46.37,46.2,2.02,253,-2.58,-25.35,97.70,34.56,85.70,38.78
52,"2021-01-01","2026-09-27","方案 A",3,360,398.59,32.33,46.37,46.2,2.02,253,-2.58,-25.35,97.70,34.56,85.70,38.78
53,"2021-01-01","2026-09-27","方案 E",3,60,395.21,32.17,46.18,40.3,1.80,295,16.82,-30.13,144.84,42.17,27.08,37.16
54,"2021-01-01","2026-09-27","方案 B",3,45,381.63,31.53,30.82,48.8,1.73,387,-4.09,-8.82,84.90,73.83,25.14,36.93
55,"2021-01-01","2026-09-27","方案 D",8,20,376.87,31.30,25.02,49.6,1.76,713,16.06,-3.97,65.63,28.94,29.65,54.54
56,"2021-01-01","2026-09-27","方案 C",3,45,376.13,31.27,40.99,52.4,1.85,227,-1.12,-26.85,162.26,56.18,12.65,42.66
57,"2021-01-01","2026-09-27","方案 E",3,45,373.01,31.12,35.22,40.3,1.75,310,9.85,-17.76,95.67,50.45,33.91,32.81
58,"2021-01-01","2026-09-27","方案 E",3,120,371.05,31.02,44.40,40.1,1.74,287,35.46,-29.74,114.30,31.34,25.76,39.83
59,"2021-01-01","2026-09-27","方案 E",3,180,371.05,31.02,44.40,40.1,1.74,287,35.46,-29.74,114.30,31.34,25.76,39.83
60,"2021-01-01","2026-09-27","方案 E",3,240,371.05,31.02,44.40,40.1,1.74,287,35.46,-29.74,114.30,31.34,25.76,39.83
61,"2021-01-01","2026-09-27","方案 E",3,300,371.05,31.02,44.40,40.1,1.74,287,35.46,-29.74,114.30,31.34,25.76,39.83
62,"2021-01-01","2026-09-27","方案 E",3,360,371.05,31.02,44.40,40.1,1.74,287,35.46,-29.74,114.30,31.34,25.76,39.83
63,"2021-01-01","2026-09-27","方案 E",3,90,369.73,30.96,39.83,40.8,1.73,292,32.85,-23.94,100.87,31.54,25.68,39.98
64,"2021-01-01","2026-09-27","方案 D",10,180,367.38,30.84,30.79,44.0,1.98,537,23.79,-20.36,61.05,40.76,65.28,26.52
65,"2021-01-01","2026-09-27","方案 D",10,240,367.38,30.84,30.79,44.0,1.98,537,23.79,-20.36,61.05,40.76,65.28,26.52
66,"2021-01-01","2026-09-27","方案 D",10,300,367.38,30.84,30.79,44.0,1.98,537,23.79,-20.36,61.05,40.76,65.28,26.52
67,"2021-01-01","2026-09-27","方案 D",10,360,367.38,30.84,30.79,44.0,1.98,537,23.79,-20.36,61.05,40.76,65.28,26.52
68,"2021-01-01","2026-09-27","方案 D",10,120,365.81,30.77,30.79,44.1,1.98,537,23.79,-20.36,61.05,40.76,64.58,26.63
69,"2021-01-01","2026-09-27","方案 A",8,20,365.10,30.73,35.56,47.3,1.71,778,8.66,-18.63,73.15,48.30,41.31,44.97
70,"2021-01-01","2026-09-27","方案 B",3,60,361.01,30.53,41.98,46.8,1.72,378,-3.53,-25.87,91.84,83.24,24.33,47.50
71,"2021-01-01","2026-09-27","方案 B",3,90,360.33,30.50,41.98,46.7,1.72,377,-3.53,-25.87,91.84,82.86,24.32,47.60
72,"2021-01-01","2026-09-27","方案 B",3,120,360.33,30.50,41.98,46.7,1.72,377,-3.53,-25.87,91.84,82.86,24.32,47.60
73,"2021-01-01","2026-09-27","方案 B",3,180,360.33,30.50,41.98,46.7,1.72,377,-3.53,-25.87,91.84,82.86,24.32,47.60
74,"2021-01-01","2026-09-27","方案 B",3,240,360.33,30.50,41.98,46.7,1.72,377,-3.53,-25.87,91.84,82.86,24.32,47.60
75,"2021-01-01","2026-09-27","方案 B",3,300,360.33,30.50,41.98,46.7,1.72,377,-3.53,-25.87,91.84,82.86,24.32,47.60
76,"2021-01-01","2026-09-27","方案 B",3,360,360.33,30.50,41.98,46.7,1.72,377,-3.53,-25.87,91.84,82.86,24.32,47.60
77,"2021-01-01","2026-09-27","方案 A",5,20,358.13,30.39,34.03,47.4,1.72,492,3.60,-19.85,104.16,47.21,51.15,21.46
78,"2021-01-01","2026-09-27","方案 C",3,60,356.99,30.33,40.57,51.1,1.82,223,-2.11,-26.67,132.33,59.83,14.28,50.03
79,"2021-01-01","2026-09-27","方案 D",8,90,353.52,30.16,25.80,44.4,1.91,441,22.08,-10.76,57.86,32.55,38.90,43.23
80,"2021-01-01","2026-09-27","方案 C",5,30,349.95,29.98,50.03,51.9,1.84,370,-11.16,-31.74,82.12,79.41,54.00,47.45
81,"2021-01-01","2026-09-27","方案 D",10,15,344.62,29.71,23.41,50.1,1.76,887,24.95,-1.46,58.29,32.29,29.80,32.85
82,"2021-01-01","2026-09-27","方案 E",8,60,343.81,29.67,32.64,37.4,1.64,695,27.13,-17.46,67.88,13.98,72.17,28.38
83,"2021-01-01","2026-09-27","方案 C",8,45,340.80,29.51,36.24,50.2,1.68,564,7.84,-27.61,103.83,40.74,30.26,51.09
84,"2021-01-01","2026-09-27","方案 C",3,90,337.13,29.33,45.20,51.1,1.77,223,-7.09,-29.81,135.16,60.35,15.79,53.51
85,"2021-01-01","2026-09-27","方案 C",3,120,337.13,29.33,45.20,51.1,1.77,223,-7.09,-29.81,135.16,60.35,15.79,53.51
86,"2021-01-01","2026-09-27","方案 C",3,180,337.13,29.33,45.20,51.1,1.77,223,-7.09,-29.81,135.16,60.35,15.79,53.51
87,"2021-01-01","2026-09-27","方案 C",3,240,337.13,29.33,45.20,51.1,1.77,223,-7.09,-29.81,135.16,60.35,15.79,53.51
88,"2021-01-01","2026-09-27","方案 C",3,300,337.13,29.33,45.20,51.1,1.77,223,-7.09,-29.81,135.16,60.35,15.79,53.51
89,"2021-01-01","2026-09-27","方案 C",3,360,337.13,29.33,45.20,51.1,1.77,223,-7.09,-29.81,135.16,60.35,15.79,53.51
90,"2021-01-01","2026-09-27","方案 B",3,30,327.03,28.80,37.57,47.5,1.62,398,-8.55,-9.78,74.69,64.72,25.15,43.73
91,"2021-01-01","2026-09-27","方案 D",3,120,326.51,28.77,43.79,47.2,2.06,182,16.57,-27.50,120.62,36.25,32.39,26.82
92,"2021-01-01","2026-09-27","方案 D",3,180,326.51,28.77,43.79,47.2,2.06,182,16.57,-27.50,120.62,36.25,32.39,26.82
93,"2021-01-01","2026-09-27","方案 D",3,240,326.51,28.77,43.79,47.2,2.06,182,16.57,-27.50,120.62,36.25,32.39,26.82
94,"2021-01-01","2026-09-27","方案 D",3,300,326.51,28.77,43.79,47.2,2.06,182,16.57,-27.50,120.62,36.25,32.39,26.82
95,"2021-01-01","2026-09-27","方案 D",3,360,326.51,28.77,43.79,47.2,2.06,182,16.57,-27.50,120.62,36.25,32.39,26.82
96,"2021-01-01","2026-09-27","方案 C",8,90,324.81,28.68,40.60,49.4,1.68,540,4.60,-31.52,103.20,36.86,37.74,54.83
97,"2021-01-01","2026-09-27","方案 C",8,120,324.81,28.68,40.60,49.4,1.68,540,4.60,-31.52,103.20,36.86,37.74,54.83
98,"2021-01-01","2026-09-27","方案 C",8,180,324.81,28.68,40.60,49.4,1.68,540,4.60,-31.52,103.20,36.86,37.74,54.83
99,"2021-01-01","2026-09-27","方案 C",8,240,324.81,28.68,40.60,49.4,1.68,540,4.60,-31.52,103.20,36.86,37.74,54.83
100,"2021-01-01","2026-09-27","方案 C",8,300,324.81,28.68,40.60,49.4,1.68,540,4.60,-31.52,103.20,36.86,37.74,54.83
101,"2021-01-01","2026-09-27","方案 C",8,360,324.81,28.68,40.60,49.4,1.68,540,4.60,-31.52,103.20,36.86,37.74,54.83
102,"2021-01-01","2026-09-27","方案 E",8,30,315.67,28.20,24.40,39.5,1.51,806,10.76,-2.77,88.79,26.22,42.04,14.02
103,"2021-01-01","2026-09-27","方案 D",8,60,314.92,28.16,32.80,46.2,1.86,437,9.20,-22.67,65.38,39.54,43.48,48.39
104,"2021-01-01","2026-09-27","方案 A",3,20,314.83,28.15,51.18,47.7,1.85,287,0.79,-44.39,71.83,75.49,58.56,54.80
105,"2021-01-01","2026-09-27","方案 E",5,20,314.72,28.14,31.65,41.3,1.54,629,14.53,-1.33,60.50,6.10,39.43,54.57
106,"2021-01-01","2026-09-27","方案 E",8,45,309.92,27.89,29.10,37.9,1.58,718,11.64,-13.19,75.69,18.93,64.72,22.87
107,"2021-01-01","2026-09-27","方案 C",5,20,308.81,27.82,45.83,53.2,1.64,466,4.19,-40.60,109.82,71.72,30.27,40.73
108,"2021-01-01","2026-09-27","方案 D",5,30,308.61,27.81,31.20,47.9,1.72,355,13.96,-12.62,59.35,50.70,34.69,26.87
109,"2021-01-01","2026-09-27","方案 A",8,45,306.67,27.71,33.64,45.5,1.65,616,8.48,-23.89,91.85,30.58,42.56,37.91
110,"2021-01-01","2026-09-27","方案 A",5,15,298.31,27.25,29.65,47.8,1.65,492,4.40,-11.86,92.25,35.96,39.70,18.55
111,"2021-01-01","2026-09-27","方案 C",10,45,298.16,27.24,34.67,49.5,1.59,693,10.36,-20.90,95.50,20.70,25.15,54.45
112,"2021-01-01","2026-09-27","方案 D",3,60,296.34,27.14,44.99,47.9,1.96,186,17.32,-28.36,70.41,48.43,44.00,29.46
113,"2021-01-01","2026-09-27","方案 E",8,90,295.67,27.10,31.62,37.1,1.54,684,22.32,-16.30,74.56,16.05,52.99,24.70
114,"2021-01-01","2026-09-27","方案 E",8,120,292.67,26.93,34.93,36.8,1.55,669,21.17,-20.14,69.63,24.87,53.17,25.07
115,"2021-01-01","2026-09-27","方案 E",8,180,292.67,26.93,34.93,36.8,1.55,669,21.17,-20.14,69.63,24.87,53.17,25.07
116,"2021-01-01","2026-09-27","方案 E",8,240,292.67,26.93,34.93,36.8,1.55,669,21.17,-20.14,69.63,24.87,53.17,25.07
117,"2021-01-01","2026-09-27","方案 E",8,300,292.67,26.93,34.93,36.8,1.55,669,21.17,-20.14,69.63,24.87,53.17,25.07
118,"2021-01-01","2026-09-27","方案 E",8,360,292.67,26.93,34.93,36.8,1.55,669,21.17,-20.14,69.63,24.87,53.17,25.07
119,"2021-01-01","2026-09-27","方案 E",10,60,290.46,26.81,24.40,36.6,1.53,858,19.65,-8.30,61.66,23.04,45.71,22.79
120,"2021-01-01","2026-09-27","方案 A",8,15,289.76,26.77,31.69,48.6,1.63,773,2.44,-14.96,73.37,45.34,28.86,37.78
121,"2021-01-01","2026-09-27","方案 B",5,30,289.09,26.73,39.92,46.9,1.59,614,-14.51,-8.81,60.83,61.91,43.86,33.24
122,"2021-01-01","2026-09-27","方案 D",8,30,288.23,26.68,29.36,48.6,1.64,541,14.15,-7.80,50.97,29.52,46.22,29.02
123,"2021-01-01","2026-09-27","方案 D",3,30,286.85,26.60,45.43,47.7,1.77,220,13.62,-37.47,51.26,53.81,51.73,54.25
124,"2021-01-01","2026-09-27","方案 A",3,15,286.59,26.59,52.69,47.4,1.84,285,-9.99,-39.13,66.70,101.30,49.14,41.00
125,"2021-01-01","2026-09-27","方案 C",10,90,285.92,26.55,31.85,48.5,1.58,674,8.56,-22.37,90.83,20.92,25.61,57.97
126,"2021-01-01","2026-09-27","方案 C",10,120,285.92,26.55,31.85,48.5,1.58,674,8.56,-22.37,90.83,20.92,25.61,57.97
127,"2021-01-01","2026-09-27","方案 C",10,180,285.92,26.55,31.85,48.5,1.58,674,8.56,-22.37,90.83,20.92,25.61,57.97
128,"2021-01-01","2026-09-27","方案 C",10,240,285.92,26.55,31.85,48.5,1.58,674,8.56,-22.37,90.83,20.92,25.61,57.97
129,"2021-01-01","2026-09-27","方案 C",10,300,285.92,26.55,31.85,48.5,1.58,674,8.56,-22.37,90.83,20.92,25.61,57.97
130,"2021-01-01","2026-09-27","方案 C",10,360,285.92,26.55,31.85,48.5,1.58,674,8.56,-22.37,90.83,20.92,25.61,57.97
131,"2021-01-01","2026-09-27","方案 A",8,60,282.97,26.38,39.83,44.9,1.64,603,0.26,-25.99,86.43,30.27,52.68,39.18
132,"2021-01-01","2026-09-27","方案 B",3,20,281.99,26.32,43.15,48.5,1.56,429,-0.87,-29.62,51.08,84.97,26.90,54.39
133,"2021-01-01","2026-09-27","方案 A",8,90,281.14,26.27,39.89,45.0,1.63,604,1.63,-26.21,86.40,27.86,53.10,39.28
134,"2021-01-01","2026-09-27","方案 A",8,120,281.14,26.27,39.89,45.0,1.63,604,1.63,-26.21,86.40,27.86,53.10,39.28
135,"2021-01-01","2026-09-27","方案 A",8,180,281.14,26.27,39.89,45.0,1.63,604,1.63,-26.21,86.40,27.86,53.10,39.28
136,"2021-01-01","2026-09-27","方案 A",8,240,281.14,26.27,39.89,45.0,1.63,604,1.63,-26.21,86.40,27.86,53.10,39.28
137,"2021-01-01","2026-09-27","方案 A",8,300,281.14,26.27,39.89,45.0,1.63,604,1.63,-26.21,86.40,27.86,53.10,39.28
138,"2021-01-01","2026-09-27","方案 A",8,360,281.14,26.27,39.89,45.0,1.63,604,1.63,-26.21,86.40,27.86,53.10,39.28
139,"2021-01-01","2026-09-27","方案 D",8,15,280.46,26.23,24.18,50.0,1.65,706,10.49,-2.06,55.34,33.13,12.48,51.14
140,"2021-01-01","2026-09-27","方案 E",10,90,279.98,26.21,28.22,35.8,1.50,844,20.57,-12.90,63.94,32.75,35.45,22.76
141,"2021-01-01","2026-09-27","方案 C",8,60,277.06,26.04,44.20,49.3,1.59,529,-1.33,-32.61,108.39,30.47,26.90,64.34
142,"2021-01-01","2026-09-27","方案 D",3,45,277.05,26.04,46.62,47.2,1.88,195,20.24,-31.14,38.45,80.64,38.54,31.44
143,"2021-01-01","2026-09-27","方案 C",10,60,276.93,26.03,35.68,48.4,1.57,669,4.25,-25.04,96.51,23.34,25.03,59.17
144,"2021-01-01","2026-09-27","方案 E",10,120,276.66,26.01,27.71,35.9,1.50,847,24.92,-12.30,55.03,32.71,35.82,23.03
145,"2021-01-01","2026-09-27","方案 E",10,180,276.66,26.01,27.71,35.9,1.50,847,24.92,-12.30,55.03,32.71,35.82,23.03
146,"2021-01-01","2026-09-27","方案 E",10,240,276.66,26.01,27.71,35.9,1.50,847,24.92,-12.30,55.03,32.71,35.82,23.03
147,"2021-01-01","2026-09-27","方案 E",10,300,276.66,26.01,27.71,35.9,1.50,847,24.92,-12.30,55.03,32.71,35.82,23.03
148,"2021-01-01","2026-09-27","方案 E",10,360,276.66,26.01,27.71,35.9,1.50,847,24.92,-12.30,55.03,32.71,35.82,23.03
149,"2021-01-01","2026-09-27","方案 A",10,360,274.13,25.86,40.76,44.1,1.59,739,-2.80,-23.44,102.54,29.53,50.10,27.68
150,"2021-01-01","2026-09-27","方案 B",3,15,273.57,25.83,39.53,48.7,1.57,433,-4.80,-17.50,56.46,59.62,24.20,53.34
151,"2021-01-01","2026-09-27","方案 D",10,60,273.06,25.80,30.58,43.6,1.70,544,16.69,-20.14,57.06,31.95,37.00,41.00
152,"2021-01-01","2026-09-27","方案 D",10,90,271.84,25.73,30.46,43.5,1.71,531,22.93,-19.96,43.79,38.75,38.18,37.08
153,"2021-01-01","2026-09-27","方案 E",3,15,267.99,25.50,30.53,47.0,1.54,385,1.43,-16.70,66.68,46.55,20.08,48.49
154,"2021-01-01","2026-09-27","方案 C",8,30,266.02,25.38,38.50,50.3,1.55,592,3.55,-23.26,77.32,23.18,37.98,52.84
155,"2021-01-01","2026-09-27","方案 A",8,30,265.58,25.36,29.03,45.6,1.59,645,9.20,-17.31,52.79,28.91,41.19,45.59
156,"2021-01-01","2026-09-27","方案 D",10,45,265.00,25.32,25.95,43.0,1.67,579,19.85,-15.18,40.44,40.01,44.84,26.07
157,"2021-01-01","2026-09-27","方案 C",8,20,260.53,25.05,39.64,51.6,1.52,721,5.61,-27.86,87.22,42.28,14.80,54.75
158,"2021-01-01","2026-09-27","方案 D",3,90,260.36,25.04,43.58,46.7,1.88,182,16.57,-27.24,45.52,55.63,40.65,33.39
159,"2021-01-01","2026-09-27","方案 E",3,20,259.74,25.01,44.57,43.5,1.50,382,11.84,-34.25,49.91,65.68,29.42,52.20
160,"2021-01-01","2026-09-27","方案 E",10,30,257.09,24.85,19.94,38.1,1.47,969,6.93,-3.95,54.83,17.93,65.59,14.99
161,"2021-01-01","2026-09-27","方案 C",3,5,256.58,24.81,50.26,46.7,1.48,593,1.15,-31.13,72.88,53.65,39.46,38.19
162,"2021-01-01","2026-09-27","方案 B",3,10,252.98,24.59,55.14,47.2,1.52,453,-20.77,-18.90,67.44,67.31,33.18,47.24
163,"2021-01-01","2026-09-27","方案 E",5,15,252.20,24.55,34.54,44.0,1.47,627,3.18,9.38,59.95,3.27,19.06,58.68
164,"2021-01-01","2026-09-27","方案 C",10,20,249.97,24.41,34.75,50.7,1.50,888,-1.70,-15.35,72.55,31.62,21.20,52.79
165,"2021-01-01","2026-09-27","方案 A",3,10,249.65,24.39,47.47,51.1,1.69,366,-24.66,-15.76,92.78,64.55,38.21,25.65
166,"2021-01-01","2026-09-27","方案 E",10,45,249.22,24.36,28.20,36.4,1.46,885,13.62,-12.94,66.57,11.82,48.95,27.26
167,"2021-01-01","2026-09-27","方案 B",5,45,247.19,24.23,34.12,46.7,1.49,552,-11.74,-10.47,69.90,30.48,42.19,39.39
168,"2021-01-01","2026-09-27","方案 C",5,15,246.34,24.18,41.78,53.2,1.58,462,-2.32,-35.39,78.75,87.27,21.76,34.65
169,"2021-01-01","2026-09-27","方案 C",3,20,246.22,24.17,66.28,51.5,1.57,268,-14.86,-59.27,119.23,152.40,8.42,66.41
170,"2021-01-01","2026-09-27","方案 D",5,20,245.56,24.13,42.09,49.7,1.51,443,11.00,-19.65,54.90,36.84,27.74,43.10
171,"2021-01-01","2026-09-27","方案 C",3,10,245.49,24.13,57.00,51.6,1.67,345,-27.19,-22.74,83.00,97.62,15.82,46.63
172,"2021-01-01","2026-09-27","方案 D",3,20,244.48,24.07,54.66,48.1,1.63,270,15.12,-42.46,48.49,71.65,32.10,54.47
173,"2021-01-01","2026-09-27","方案 A",10,30,244.02,24.04,30.16,44.9,1.45,928,1.86,-14.19,79.66,26.92,26.06,36.91
174,"2021-01-01","2026-09-27","方案 B",5,20,243.41,24.00,44.01,46.7,1.51,666,-8.33,-20.48,35.38,50.36,54.39,49.89
175,"2021-01-01","2026-09-27","方案 A",10,20,240.00,23.78,33.26,46.4,1.41,1109,-0.64,-14.12,75.93,34.74,23.28,36.35
176,"2021-01-01","2026-09-27","方案 D",3,5,239.84,23.77,54.13,46.8,1.44,584,14.30,-38.79,73.51,34.66,40.01,48.48
177,"2021-01-01","2026-09-27","方案 A",3,5,235.95,23.52,54.01,46.1,1.45,590,-3.90,-29.88,77.78,28.88,46.72,48.30
178,"2021-01-01","2026-09-27","方案 B",5,90,235.20,23.48,42.94,46.1,1.50,577,-10.17,-21.05,60.26,48.22,39.35,42.77
179,"2021-01-01","2026-09-27","方案 A",10,90,233.94,23.40,33.17,44.3,1.42,872,6.56,-21.42,92.75,26.23,22.82,33.45
180,"2021-01-01","2026-09-27","方案 E",3,10,233.30,23.35,53.47,45.0,1.54,453,-24.63,-22.50,60.58,29.10,47.41,86.70
181,"2021-01-01","2026-09-27","方案 B",5,120,231.17,23.22,43.19,46.3,1.49,577,-10.17,-21.39,60.38,47.87,37.69,43.61
182,"2021-01-01","2026-09-27","方案 B",5,300,231.17,23.22,43.19,46.3,1.49,577,-10.17,-21.39,60.38,47.87,37.69,43.61
183,"2021-01-01","2026-09-27","方案 B",5,360,231.17,23.22,43.19,46.3,1.49,577,-10.17,-21.39,60.38,47.87,37.69,43.61
184,"2021-01-01","2026-09-27","方案 B",5,60,229.55,23.11,41.43,46.5,1.48,581,-10.17,-21.28,67.04,40.56,37.88,43.96
185,"2021-01-01","2026-09-27","方案 C",10,30,226.71,22.92,36.48,48.9,1.48,720,7.54,-25.61,76.82,9.92,32.98,58.00
186,"2021-01-01","2026-09-27","方案 A",10,45,220.61,22.52,34.93,43.8,1.40,890,3.22,-21.97,92.00,27.06,22.65,33.03
187,"2021-01-01","2026-09-27","方案 B",5,180,218.95,22.41,45.54,45.2,1.54,491,-10.71,-24.48,63.99,50.84,50.58,26.98
188,"2021-01-01","2026-09-27","方案 B",5,240,218.95,22.41,45.54,45.2,1.54,491,-10.71,-24.48,63.99,50.84,50.58,26.98
189,"2021-01-01","2026-09-27","方案 B",8,30,217.15,22.29,33.79,45.3,1.41,980,-6.55,-8.17,71.35,36.48,35.07,17.01
190,"2021-01-01","2026-09-27","方案 A",10,60,211.74,21.92,37.28,43.0,1.39,875,2.84,-24.29,91.92,29.12,20.58,34.01
191,"2021-01-01","2026-09-27","方案 A",10,120,210.70,21.85,38.36,43.1,1.39,864,-0.77,-21.92,92.17,28.71,20.97,34.02
192,"2021-01-01","2026-09-27","方案 A",10,180,210.70,21.85,38.36,43.1,1.39,864,-0.77,-21.92,92.17,28.71,20.97,34.02
193,"2021-01-01","2026-09-27","方案 A",10,240,210.70,21.85,38.36,43.1,1.39,864,-0.77,-21.92,92.17,28.71,20.97,34.02
194,"2021-01-01","2026-09-27","方案 A",10,300,210.70,21.85,38.36,43.1,1.39,864,-0.77,-21.92,92.17,28.71,20.97,34.02
195,"2021-01-01","2026-09-27","方案 D",3,15,203.53,21.36,50.66,51.7,1.58,269,5.94,-33.14,57.92,77.94,9.72,39.00
196,"2021-01-01","2026-09-27","方案 D",5,15,201.22,21.20,33.10,50.9,1.45,450,11.68,-8.28,42.81,43.40,6.97,34.24
197,"2021-01-01","2026-09-27","方案 B",5,15,200.99,21.18,37.11,46.6,1.45,665,-12.78,-10.15,35.06,38.98,30.47,56.83
198,"2021-01-01","2026-09-27","方案 D",3,10,200.59,21.15,47.06,52.1,1.49,355,-10.49,-19.00,54.09,67.27,18.25,36.02
199,"2021-01-01","2026-09-27","方案 D",10,30,193.92,20.68,34.52,45.0,1.44,643,17.89,-23.33,43.69,25.60,43.48,25.58
200,"2021-01-01","2026-09-27","方案 E",10,20,190.10,20.40,35.93,41.0,1.35,1134,-1.54,-15.45,59.02,21.40,45.52,24.05
201,"2021-01-01","2026-09-27","方案 C",3,15,187.81,20.24,62.99,51.0,1.51,263,-23.47,-50.08,63.11,167.11,5.47,63.95
202,"2021-01-01","2026-09-27","方案 C",10,15,187.13,20.19,27.99,51.4,1.44,878,-2.86,-11.60,46.40,49.39,5.68,44.66
203,"2021-01-01","2026-09-27","方案 E",8,20,184.21,19.97,39.24,40.5,1.34,928,-3.35,-16.88,54.89,28.67,32.84,33.62
204,"2021-01-01","2026-09-27","方案 A",10,15,180.17,19.68,25.49,47.0,1.38,956,5.71,-12.40,55.52,33.65,9.68,32.71
205,"2021-01-01","2026-09-27","方案 C",8,15,178.05,19.52,33.63,51.7,1.40,714,3.42,-25.86,67.71,35.80,2.33,55.61
206,"2021-01-01","2026-09-27","方案 B",8,60,176.07,19.37,36.76,45.3,1.35,927,-6.61,-19.71,66.25,31.82,39.06,20.81
207,"2021-01-01","2026-09-27","方案 B",8,90,175.76,19.35,37.18,45.0,1.35,920,-6.14,-20.58,66.82,31.88,39.15,20.84
208,"2021-01-01","2026-09-27","方案 B",8,45,173.58,19.18,33.07,45.2,1.35,938,-7.09,-13.48,62.22,24.03,39.76,21.04
209,"2021-01-01","2026-09-27","方案 B",8,120,172.35,19.09,38.92,45.0,1.35,910,-7.81,-20.79,63.99,34.00,40.08,21.16
210,"2021-01-01","2026-09-27","方案 B",8,180,172.35,19.09,38.92,45.0,1.35,910,-7.81,-20.79,63.99,34.00,40.08,21.16
211,"2021-01-01","2026-09-27","方案 B",8,240,172.35,19.09,38.92,45.0,1.35,910,-7.81,-20.79,63.99,34.00,40.08,21.16
212,"2021-01-01","2026-09-27","方案 B",8,300,172.35,19.09,38.92,45.0,1.35,910,-7.81,-20.79,63.99,34.00,40.08,21.16
213,"2021-01-01","2026-09-27","方案 B",8,360,172.35,19.09,38.92,45.0,1.35,910,-7.81,-20.79,63.99,34.00,40.08,21.16
214,"2021-01-01","2026-09-27","方案 A",5,10,172.23,19.08,41.76,49.8,1.44,591,-12.68,-21.56,50.02,51.19,37.02,27.90
215,"2021-01-01","2026-09-27","方案 B",10,30,150.16,17.33,31.87,44.9,1.31,1168,-10.10,-9.79,55.64,22.62,33.82,20.79
216,"2021-01-01","2026-09-27","方案 B",10,45,145.20,16.93,35.67,44.8,1.31,1109,-2.98,-18.88,45.46,28.33,41.64,17.84
217,"2021-01-01","2026-09-27","方案 E",5,10,141.85,16.65,45.15,43.6,1.32,711,-18.35,-21.59,34.02,28.46,37.65,59.41
218,"2021-01-01","2026-09-27","方案 E",8,15,139.31,16.43,30.79,43.2,1.28,935,-3.13,-12.33,62.99,17.64,16.59,26.05
219,"2021-01-01","2026-09-27","方案 B",10,60,138.28,16.34,36.46,44.1,1.29,1102,0.20,-22.54,47.14,31.94,34.11,17.91
220,"2021-01-01","2026-09-27","方案 B",10,120,135.71,16.12,40.75,43.9,1.30,1079,-3.46,-26.38,54.42,30.32,38.46,19.03
221,"2021-01-01","2026-09-27","方案 B",10,180,135.71,16.12,40.75,43.9,1.30,1079,-3.46,-26.38,54.42,30.32,38.46,19.03
222,"2021-01-01","2026-09-27","方案 B",10,240,135.71,16.12,40.75,43.9,1.30,1079,-3.46,-26.38,54.42,30.32,38.46,19.03
223,"2021-01-01","2026-09-27","方案 B",10,300,135.71,16.12,40.75,43.9,1.30,1079,-3.46,-26.38,54.42,30.32,38.46,19.03
224,"2021-01-01","2026-09-27","方案 B",10,360,135.71,16.12,40.75,43.9,1.30,1079,-3.46,-26.38,54.42,30.32,38.46,19.03
225,"2021-01-01","2026-09-27","方案 B",10,90,135.64,16.12,41.00,43.7,1.30,1082,-3.87,-26.32,54.64,30.43,38.56,19.04
226,"2021-01-01","2026-09-27","方案 B",10,20,133.61,15.94,38.70,45.5,1.27,1270,-6.54,-21.78,56.77,21.00,35.92,23.94
227,"2021-01-01","2026-09-27","方案 C",5,5,132.75,15.87,47.48,47.9,1.25,996,4.45,-31.84,71.20,40.88,15.28,17.58
228,"2021-01-01","2026-09-27","方案 D",5,5,132.66,15.86,53.13,47.8,1.26,960,6.98,-38.57,77.68,34.01,18.19,25.81
229,"2021-01-01","2026-09-27","方案 B",8,20,126.87,15.35,43.79,45.3,1.26,1019,-8.91,-23.93,42.39,24.26,44.95,27.67
230,"2021-01-01","2026-09-27","方案 B",5,10,124.58,15.15,40.55,46.6,1.27,791,-9.55,-21.04,35.79,23.50,19.99,56.26
231,"2021-01-01","2026-09-27","方案 A",5,5,124.39,15.13,50.17,47.2,1.25,983,-3.33,-30.53,70.02,32.99,18.74,24.46
232,"2021-01-01","2026-09-27","方案 C",5,10,121.85,14.90,42.44,51.4,1.30,580,-12.37,-22.82,54.50,60.57,8.42,21.95
233,"2021-01-01","2026-09-27","方案 A",8,10,121.50,14.87,39.03,48.0,1.31,917,-7.42,-20.83,54.08,22.12,25.80,27.68
234,"2021-01-01","2026-09-27","方案 D",5,10,120.68,14.80,36.68,50.2,1.29,580,-2.26,-19.39,40.81,46.67,11.76,21.36
235,"2021-01-01","2026-09-27","方案 E",10,15,109.79,13.79,29.56,42.8,1.22,1131,-3.10,-13.01,57.17,13.55,20.08,16.15
236,"2021-01-01","2026-09-27","方案 B",8,10,103.15,13.15,40.26,46.4,1.22,1236,-10.34,-21.44,60.02,20.88,20.17,24.09
237,"2021-01-01","2026-09-27","方案 B",10,15,99.91,12.84,31.47,46.0,1.22,1254,-8.71,-14.36,43.35,18.58,20.13,25.21
238,"2021-01-01","2026-09-27","方案 B",8,15,95.93,12.44,33.22,45.9,1.20,1030,-8.79,-12.96,35.67,15.15,25.17,26.20
239,"2021-01-01","2026-09-27","方案 B",3,5,94.52,12.30,51.60,45.5,1.17,785,-14.77,-21.68,84.23,4.12,21.34,25.20
240,"2021-01-01","2026-09-27","方案 A",10,10,92.68,12.11,37.97,48.0,1.24,1122,-3.43,-26.07,51.95,10.28,22.09,31.91
241,"2021-01-01","2026-09-27","方案 E",8,10,84.71,11.29,39.99,43.4,1.18,1128,-14.86,-16.90,63.60,5.05,22.53,23.99
242,"2021-01-01","2026-09-27","方案 E",3,5,84.55,11.27,54.24,44.2,1.15,782,-14.36,-21.91,75.47,-4.75,22.93,34.30
243,"2021-01-01","2026-09-27","方案 B",10,10,78.03,10.58,38.98,46.1,1.18,1470,-13.78,-19.57,45.32,17.99,5.12,42.43
244,"2021-01-01","2026-09-27","方案 D",8,5,77.39,10.51,48.08,47.1,1.16,1553,8.38,-39.86,76.16,17.20,6.87,23.34
245,"2021-01-01","2026-09-27","方案 C",8,5,62.71,8.86,46.54,47.5,1.13,1588,-5.33,-32.91,62.00,26.10,3.45,21.21
246,"2021-01-01","2026-09-27","方案 A",8,5,60.03,8.54,49.03,46.9,1.13,1557,-10.13,-33.75,76.68,15.48,3.78,26.95
247,"2021-01-01","2026-09-27","方案 E",10,10,54.73,7.91,47.45,43.5,1.13,1333,-20.79,-20.81,58.25,18.83,12.53,16.57
248,"2021-01-01","2026-09-27","方案 D",10,5,53.19,7.72,49.07,46.7,1.11,1913,13.34,-41.70,64.82,13.17,10.40,12.58
249,"2021-01-01","2026-09-27","方案 D",8,10,52.65,7.65,46.55,48.4,1.15,868,-0.22,-32.67,60.23,11.34,-4.80,33.79
250,"2021-01-01","2026-09-27","方案 E",5,5,47.79,7.05,54.66,44.2,1.09,1262,-6.99,-35.18,86.85,9.18,-1.29,21.72
251,"2021-01-01","2026-09-27","方案 C",8,10,46.27,6.85,46.08,49.9,1.13,871,-10.84,-28.15,44.02,26.32,-5.96,33.46
252,"2021-01-01","2026-09-27","方案 C",10,10,44.50,6.63,43.61,50.1,1.13,1072,-9.71,-26.28,44.90,16.25,-5.02,35.69
253,"2021-01-01","2026-09-27","方案 D",10,10,42.59,6.38,45.74,48.5,1.12,1038,4.88,-37.28,55.14,-0.30,3.43,35.50
254,"2021-01-01","2026-09-27","方案 C",3,2,38.61,5.86,58.65,43.1,1.14,501,-33.73,-32.65,17.18,15.88,31.89,73.39
255,"2021-01-01","2026-09-27","方案 A",3,2,38.61,5.86,58.65,43.1,1.14,501,-33.73,-32.65,17.18,15.88,31.89,73.39
256,"2021-01-01","2026-09-27","方案 C",10,5,37.87,5.76,44.74,47.1,1.08,1977,3.70,-35.68,53.28,19.85,5.02,7.14
257,"2021-01-01","2026-09-27","方案 D",3,2,37.46,5.70,59.44,43.4,1.14,486,-33.80,-33.82,18.53,16.09,31.37,73.59
258,"2021-01-01","2026-09-27","方案 A",10,5,37.39,5.69,46.64,46.5,1.08,1964,1.31,-36.41,64.53,10.33,5.45,11.41
259,"2021-01-01","2026-09-27","方案 B",5,5,36.68,5.60,53.11,45.7,1.08,1259,-7.87,-35.71,84.87,10.27,-5.09,19.27
260,"2021-01-01","2026-09-27","方案 E",8,5,35.30,5.41,53.09,43.8,1.08,1522,-11.87,-38.03,66.77,13.21,4.52,25.54
261,"2021-01-01","2026-09-27","方案 B",8,5,17.41,2.84,51.78,44.9,1.05,1896,-11.24,-39.73,70.97,6.41,-0.82,21.63
262,"2021-01-01","2026-09-27","方案 E",10,5,11.23,1.87,50.42,43.2,1.03,2325,-1.14,-40.39,55.44,-1.11,-4.48,28.55
263,"2021-01-01","2026-09-27","方案 B",10,5,-0.19,-0.03,49.53,44.9,1.01,2283,-6.36,-39.11,53.64,-0.49,-4.89,20.38
264,"2021-01-01","2026-09-27","方案 B",3,2,-13.09,-2.42,63.13,43.5,0.98,635,-38.33,-35.72,29.19,15.36,6.37,38.28
265,"2021-01-01","2026-09-27","方案 E",3,2,-13.54,-2.50,63.57,43.1,0.97,626,-38.84,-35.91,22.87,15.96,10.90,39.60
266,"2021-01-01","2026-09-27","方案 C",5,2,-18.28,-3.46,57.33,43.8,0.95,769,-32.84,-31.66,9.78,-1.99,18.44,39.71
267,"2021-01-01","2026-09-27","方案 A",5,2,-18.28,-3.46,57.33,43.8,0.95,769,-32.84,-31.66,9.78,-1.99,18.44,39.71
268,"2021-01-01","2026-09-27","方案 D",5,2,-19.84,-3.78,59.15,43.2,0.94,743,-31.44,-35.07,9.74,-2.08,19.12,40.68
269,"2021-01-01","2026-09-27","方案 E",5,2,-24.22,-4.72,56.07,43.6,0.94,996,-31.95,-33.71,17.62,3.13,7.92,28.33
270,"2021-01-01","2026-09-27","方案 B",5,2,-24.71,-4.83,55.88,44.2,0.93,1004,-31.66,-33.73,19.95,4.49,5.72,25.46
271,"2021-01-01","2026-09-27","方案 D",8,2,-33.61,-6.89,58.43,43.3,0.88,1125,-26.16,-38.18,5.77,10.58,-2.28,27.24
272,"2021-01-01","2026-09-27","方案 C",8,2,-35.31,-7.31,59.02,43.3,0.87,1137,-32.48,-34.44,6.18,9.32,-2.51,29.13
273,"2021-01-01","2026-09-27","方案 A",8,2,-35.31,-7.31,59.02,43.3,0.87,1137,-32.48,-34.44,6.18,9.32,-2.51,29.13
274,"2021-01-01","2026-09-27","方案 D",10,2,-36.02,-7.49,57.86,43.5,0.87,1358,-24.45,-37.73,3.25,5.29,-1.59,27.13
275,"2021-01-01","2026-09-27","方案 E",8,2,-37.14,-7.78,57.06,43.3,0.88,1417,-32.00,-35.43,12.00,6.71,0.15,19.60
276,"2021-01-01","2026-09-27","方案 B",8,2,-39.21,-8.31,57.13,44.0,0.87,1407,-31.95,-35.95,13.15,5.06,-0.81,18.28
277,"2021-01-01","2026-09-27","方案 C",10,2,-40.68,-8.70,59.13,43.3,0.85,1358,-29.83,-36.23,3.67,6.29,-5.99,27.97
278,"2021-01-01","2026-09-27","方案 A",10,2,-40.68,-8.70,59.13,43.3,0.85,1358,-29.83,-36.23,3.67,6.29,-5.99,27.97
279,"2021-01-01","2026-09-27","方案 E",10,2,-42.68,-9.25,59.32,43.2,0.86,1676,-30.35,-35.86,7.91,2.95,-4.25,20.61
280,"2021-01-01","2026-09-27","方案 B",10,2,-44.61,-9.79,59.31,43.8,0.85,1649,-30.75,-36.03,8.91,0.96,-5.19,19.96
