period,plan,positions,hold_days,mode,total_return,mdd,cagr,win_rate,profit_factor,total_trades,sharpe
全期間,A,3,5,off,235.95,54.01,23.56,46.1,1.45,590,0.83
全期間,A,3,5,above,226.1,56.26,22.92,45.56,1.43,586,0.8
全期間,A,3,10,off,249.65,47.47,24.43,51.09,1.69,366,0.93
全期間,A,3,10,above,243.53,51.62,24.04,50.55,1.66,362,0.92
全期間,A,3,15,off,286.59,52.69,26.63,47.37,1.84,285,0.94
全期間,A,3,15,above,273.74,47.91,25.88,47.95,1.77,292,0.93
全期間,A,3,20,off,314.83,51.18,28.2,47.74,1.85,287,0.93
全期間,A,3,20,above,301.24,49.84,27.45,45.89,1.81,292,0.91
全期間,A,3,30,off,424.42,37.13,33.55,47.62,1.99,273,1.14
全期間,A,3,30,above,446.33,34.4,34.51,47.31,2.05,279,1.18
全期間,A,3,45,off,404.96,37.39,32.67,46.69,1.99,257,1.1
全期間,A,3,45,above,401.06,37.57,32.49,47.47,1.98,257,1.1
全期間,A,3,60,off,398.59,46.37,32.38,46.25,2.02,253,1.1
全期間,A,3,60,above,399.86,38.42,32.44,47.33,1.92,262,1.1
全期間,A,3,90,off,398.59,46.37,32.38,46.25,2.02,253,1.1
全期間,A,3,90,above,401.95,36.37,32.54,47.1,1.93,259,1.11
全期間,A,3,120,off,398.59,46.37,32.38,46.25,2.02,253,1.1
全期間,A,3,120,above,376.5,37.72,31.34,46.59,1.97,249,1.07
全期間,A,5,5,off,124.39,50.17,15.15,47.2,1.25,983,0.69
全期間,A,5,5,above,122.19,51.91,14.96,47.16,1.25,967,0.68
全期間,A,5,10,off,172.23,41.76,19.11,49.75,1.44,591,0.85
全期間,A,5,10,above,170.55,41.12,18.98,50.6,1.43,585,0.84
全期間,A,5,15,off,298.31,29.65,27.29,47.76,1.65,492,1.15
全期間,A,5,15,above,258.61,29.74,24.98,47.78,1.56,496,1.04
全期間,A,5,20,off,358.13,34.03,30.44,47.36,1.72,492,1.18
全期間,A,5,20,above,341.76,31.22,29.61,46.32,1.66,503,1.16
全期間,A,5,30,off,418.48,34.57,33.29,47.0,1.83,434,1.24
全期間,A,5,30,above,422.88,33.45,33.48,47.21,1.88,430,1.25
全期間,A,5,45,off,466.68,32.66,35.37,46.57,1.99,408,1.3
全期間,A,5,45,above,516.87,31.53,37.39,47.7,2.13,413,1.4
全期間,A,5,60,off,411.06,31.83,32.95,46.57,1.85,408,1.23
全期間,A,5,60,above,430.66,30.72,33.83,46.34,1.9,410,1.25
全期間,A,5,90,off,412.93,30.29,33.04,46.42,1.85,405,1.24
全期間,A,5,90,above,428.58,30.17,33.74,45.83,1.9,408,1.26
全期間,A,5,120,off,412.93,30.29,33.04,46.42,1.85,405,1.24
全期間,A,5,120,above,413.84,34.17,33.08,45.93,1.88,405,1.23
全期間,A,8,5,off,60.03,49.03,8.56,46.89,1.13,1557,0.47
全期間,A,8,5,above,60.38,54.81,8.6,47.22,1.13,1527,0.46
全期間,A,8,10,off,121.5,39.03,14.89,47.98,1.31,917,0.73
全期間,A,8,10,above,115.66,40.63,14.36,49.34,1.29,910,0.7
全期間,A,8,15,off,289.76,31.69,26.81,48.64,1.63,773,1.18
全期間,A,8,15,above,274.46,34.94,25.93,48.95,1.61,762,1.15
全期間,A,8,20,off,365.1,35.56,30.78,47.3,1.71,778,1.26
全期間,A,8,20,above,355.76,39.04,30.32,47.72,1.72,769,1.25
全期間,A,8,30,off,265.58,29.03,25.4,45.58,1.59,645,1.08
全期間,A,8,30,above,310.54,36.72,27.96,47.11,1.69,641,1.18
全期間,A,8,45,off,306.67,33.64,27.75,45.45,1.65,616,1.16
全期間,A,8,45,above,312.85,41.7,28.09,45.9,1.67,610,1.19
全期間,A,8,60,off,282.97,39.83,26.42,44.94,1.64,603,1.12
全期間,A,8,60,above,345.77,38.02,29.82,46.76,1.72,618,1.29
全期間,A,8,90,off,281.14,39.89,26.31,45.03,1.63,604,1.11
全期間,A,8,90,above,357.13,36.37,30.39,46.53,1.74,619,1.32
全期間,A,8,120,off,281.14,39.89,26.31,45.03,1.63,604,1.11
全期間,A,8,120,above,344.82,39.2,29.77,46.17,1.72,613,1.29
全期間,A,10,5,off,37.39,46.64,5.7,46.54,1.08,1964,0.36
全期間,A,10,5,above,30.71,49.74,4.79,46.49,1.07,1897,0.32
全期間,A,10,10,off,92.68,37.97,12.13,47.95,1.24,1122,0.62
全期間,A,10,10,above,68.26,37.49,9.51,48.25,1.18,1113,0.51
全期間,A,10,15,off,180.17,25.49,19.71,46.97,1.38,956,0.95
全期間,A,10,15,above,161.48,30.06,18.27,47.32,1.36,932,0.87
全期間,A,10,20,off,260.52,28.95,25.09,45.86,1.51,953,1.11
全期間,A,10,20,above,237.05,34.62,23.63,46.25,1.48,934,1.04
全期間,A,10,30,off,212.23,31.55,21.99,45.4,1.46,793,0.98
全期間,A,10,30,above,235.4,33.75,23.53,46.38,1.53,774,1.05
全期間,A,10,45,off,236.46,38.75,23.59,44.16,1.53,736,1.05
全期間,A,10,45,above,233.52,40.58,23.41,45.21,1.52,730,1.05
全期間,A,10,60,off,271.04,41.16,25.72,44.29,1.58,736,1.14
全期間,A,10,60,above,266.0,37.29,25.42,45.01,1.57,742,1.15
全期間,A,10,90,off,274.13,40.76,25.91,44.11,1.59,739,1.14
全期間,A,10,90,above,292.69,37.15,26.97,45.25,1.61,747,1.22
全期間,A,10,120,off,274.13,40.76,25.91,44.11,1.59,739,1.14
全期間,A,10,120,above,270.43,37.16,25.69,45.48,1.57,741,1.16
全期間,B,3,5,off,257.47,48.6,24.91,44.33,1.55,591,0.94
全期間,B,3,5,above,257.02,50.05,24.88,44.48,1.56,589,0.94
全期間,B,3,10,off,294.98,53.09,27.1,46.93,1.76,407,1.05
全期間,B,3,10,above,322.05,49.08,28.58,47.39,1.9,403,1.12
全期間,B,3,15,off,248.22,50.77,24.34,47.83,1.64,345,0.94
全期間,B,3,15,above,281.54,42.84,26.34,49.16,1.73,356,1.05
全期間,B,3,20,off,248.52,51.96,24.36,46.88,1.63,337,0.9
全期間,B,3,20,above,284.56,46.09,26.51,48.58,1.74,352,1.0
全期間,B,3,30,off,282.86,41.27,26.41,45.67,1.68,335,1.01
全期間,B,3,30,above,329.77,36.95,28.99,47.35,1.82,340,1.11
全期間,B,3,45,off,285.39,39.78,26.56,45.85,1.7,325,1.02
全期間,B,3,45,above,333.5,33.64,29.19,48.05,1.82,333,1.12
全期間,B,3,60,off,274.62,44.07,25.93,45.4,1.68,326,0.98
全期間,B,3,60,above,313.7,40.49,28.14,47.29,1.79,332,1.07
全期間,B,3,90,off,274.62,44.07,25.93,45.4,1.68,326,0.98
全期間,B,3,90,above,313.7,40.49,28.14,47.29,1.79,332,1.07
全期間,B,3,120,off,274.62,44.07,25.93,45.4,1.68,326,0.98
全期間,B,3,120,above,313.7,40.49,28.14,47.29,1.79,332,1.07
全期間,B,5,5,off,113.16,49.68,14.13,45.49,1.24,976,0.69
全期間,B,5,5,above,112.23,51.48,14.04,45.66,1.24,968,0.68
全期間,B,5,10,off,199.86,42.69,21.13,46.58,1.49,657,0.96
全期間,B,5,10,above,204.77,41.89,21.48,47.01,1.51,653,0.97
全期間,B,5,15,off,132.8,47.01,15.9,46.46,1.33,551,0.72
全期間,B,5,15,above,171.42,45.17,19.04,47.69,1.43,562,0.84
全期間,B,5,20,off,151.11,54.59,17.44,46.17,1.37,548,0.75
全期間,B,5,20,above,215.43,51.61,22.21,47.07,1.51,563,0.92
全期間,B,5,30,off,250.65,47.37,24.49,45.9,1.6,512,1.0
全期間,B,5,30,above,308.61,37.08,27.86,47.91,1.73,526,1.16
全期間,B,5,45,off,231.52,43.13,23.28,45.66,1.56,495,0.96
全期間,B,5,45,above,282.7,44.89,26.4,47.33,1.69,505,1.09
全期間,B,5,60,off,220.29,45.54,22.54,45.33,1.54,492,0.91
全期間,B,5,60,above,261.25,47.49,25.14,47.52,1.64,505,1.03
全期間,B,5,90,off,218.95,45.54,22.45,45.21,1.54,491,0.91
全期間,B,5,90,above,254.52,46.56,24.73,46.89,1.62,499,1.02
全期間,B,5,120,off,218.95,45.54,22.45,45.21,1.54,491,0.91
全期間,B,5,120,above,254.8,46.27,24.75,46.99,1.62,498,1.02
全期間,B,8,5,off,32.15,51.22,4.99,44.86,1.08,1527,0.33
全期間,B,8,5,above,29.49,57.08,4.62,45.41,1.08,1480,0.31
全期間,B,8,10,off,111.61,41.83,13.98,44.74,1.27,1017,0.71
全期間,B,8,10,above,121.36,44.15,14.88,46.01,1.3,1002,0.75
全期間,B,8,15,off,148.0,35.87,17.18,46.38,1.37,871,0.83
全期間,B,8,15,above,85.67,39.87,11.41,44.14,1.23,827,0.59
全期間,B,8,20,off,161.56,46.13,18.28,45.39,1.39,857,0.83
全期間,B,8,20,above,118.18,46.78,14.59,44.34,1.3,830,0.69
全期間,B,8,30,off,217.99,30.15,22.38,46.29,1.49,821,1.04
全期間,B,8,30,above,213.52,32.32,22.08,45.44,1.49,812,1.05
全期間,B,8,45,off,208.1,35.77,21.71,45.38,1.5,769,0.99
全期間,B,8,45,above,204.21,29.65,21.44,45.49,1.49,776,1.02
全期間,B,8,60,off,200.33,41.64,21.17,44.96,1.5,754,0.96
全期間,B,8,60,above,192.79,34.99,20.63,45.63,1.47,767,0.97
全期間,B,8,90,off,199.97,41.64,21.14,45.02,1.5,753,0.96
全期間,B,8,90,above,189.87,36.97,20.42,45.38,1.47,758,0.96
全期間,B,8,120,off,199.97,41.64,21.14,45.02,1.5,753,0.96
全期間,B,8,120,above,183.8,43.77,19.98,45.13,1.46,760,0.94
全期間,B,10,5,off,0.33,47.7,0.06,44.74,1.01,1891,0.12
全期間,B,10,5,above,0.03,52.28,0.0,45.07,1.01,1824,0.12
全期間,B,10,10,off,90.34,40.18,11.89,45.21,1.24,1232,0.63
全期間,B,10,10,above,85.91,40.02,11.43,45.81,1.23,1218,0.61
全期間,B,10,15,off,136.33,27.0,16.2,46.0,1.32,1100,0.86
全期間,B,10,15,above,100.53,34.77,12.92,45.15,1.26,1052,0.68
全期間,B,10,20,off,162.65,34.06,18.36,45.35,1.37,1087,0.91
全期間,B,10,20,above,124.3,43.42,15.15,45.03,1.31,1037,0.74
全期間,B,10,30,off,153.34,31.8,17.62,43.95,1.35,992,0.87
全期間,B,10,30,above,150.6,30.11,17.4,44.42,1.36,977,0.88
全期間,B,10,45,off,140.26,31.44,16.54,43.59,1.34,952,0.82
全期間,B,10,45,above,150.38,28.98,17.38,43.68,1.36,950,0.87
全期間,B,10,60,off,124.7,38.58,15.18,43.77,1.31,923,0.75
全期間,B,10,60,above,136.47,31.96,16.21,43.82,1.33,931,0.81
全期間,B,10,90,off,132.46,37.43,15.87,43.8,1.32,920,0.78
全期間,B,10,90,above,130.66,38.75,15.71,43.52,1.33,910,0.78
全期間,B,10,120,off,133.94,36.84,16.0,44.11,1.33,925,0.79
全期間,B,10,120,above,128.89,36.78,15.55,43.99,1.33,907,0.78
全期間,C,3,5,off,256.58,50.26,24.85,46.71,1.48,593,0.89
全期間,C,3,5,above,242.17,54.56,23.96,46.26,1.45,588,0.86
全期間,C,3,10,off,245.49,57.0,24.17,51.59,1.67,345,0.92
全期間,C,3,10,above,280.28,47.96,26.26,52.54,1.77,354,1.02
全期間,C,3,15,off,187.81,62.99,20.27,50.95,1.51,263,0.74
全期間,C,3,15,above,225.23,54.86,22.86,52.06,1.6,267,0.83
全期間,C,3,20,off,246.22,66.28,24.21,51.49,1.57,268,0.82
全期間,C,3,20,above,278.42,60.31,26.16,51.66,1.66,271,0.9
全期間,C,3,30,off,424.63,49.1,33.56,53.69,2.04,244,1.18
全期間,C,3,30,above,496.9,41.56,36.61,54.94,2.15,253,1.3
全期間,C,3,45,off,376.13,40.99,31.32,52.42,1.85,227,1.17
全期間,C,3,45,above,484.17,32.79,36.09,53.42,2.07,234,1.39
全期間,C,3,60,off,356.99,40.57,30.38,51.12,1.82,223,1.12
全期間,C,3,60,above,447.07,32.28,34.54,52.38,2.0,231,1.33
全期間,C,3,90,off,337.13,45.2,29.37,51.12,1.77,223,1.07
全期間,C,3,90,above,448.4,34.26,34.6,52.59,1.99,232,1.32
全期間,C,3,120,off,337.13,45.2,29.37,51.12,1.77,223,1.07
全期間,C,3,120,above,448.4,34.26,34.6,52.59,1.99,232,1.32
全期間,C,5,5,off,132.75,47.48,15.89,47.89,1.25,996,0.74
全期間,C,5,5,above,127.52,51.18,15.43,47.96,1.25,978,0.72
全期間,C,5,10,off,121.85,42.44,14.93,51.38,1.3,580,0.7
全期間,C,5,10,above,141.77,42.15,16.66,52.33,1.34,579,0.76
全期間,C,5,15,off,246.34,41.78,24.22,53.25,1.58,462,1.03
全期間,C,5,15,above,238.07,42.72,23.7,52.53,1.56,455,1.01
全期間,C,5,20,off,308.81,45.83,27.87,53.22,1.64,466,1.08
全期間,C,5,20,above,324.05,43.39,28.69,53.1,1.67,467,1.15
全期間,C,5,30,off,349.95,50.03,30.03,51.89,1.84,370,1.15
全期間,C,5,30,above,434.52,39.54,34.0,52.58,1.96,388,1.33
全期間,C,5,45,off,478.64,40.59,35.87,51.24,2.01,363,1.41
全期間,C,5,45,above,467.19,41.22,35.39,51.64,1.98,366,1.39
全期間,C,5,60,off,457.35,40.67,34.98,51.27,2.03,353,1.36
全期間,C,5,60,above,460.5,38.8,35.11,51.67,2.02,360,1.36
全期間,C,5,90,off,478.2,42.46,35.85,51.43,2.06,350,1.39
全期間,C,5,90,above,478.28,39.5,35.85,51.8,2.03,361,1.39
全期間,C,5,120,off,478.2,42.46,35.85,51.43,2.06,350,1.39
全期間,C,5,120,above,478.28,39.5,35.85,51.8,2.03,361,1.39
全期間,C,8,5,off,62.71,46.54,8.87,47.48,1.13,1588,0.49
全期間,C,8,5,above,59.8,53.35,8.53,47.93,1.13,1544,0.47
全期間,C,8,10,off,46.27,46.08,6.86,49.94,1.13,871,0.4
全期間,C,8,10,above,62.33,45.36,8.83,51.19,1.16,883,0.48
全期間,C,8,15,off,178.05,33.63,19.55,51.68,1.4,714,0.92
全期間,C,8,15,above,202.96,31.07,21.35,52.86,1.46,717,1.01
全期間,C,8,20,off,260.53,39.64,25.09,51.6,1.52,721,1.07
全期間,C,8,20,above,327.87,36.33,28.89,51.94,1.68,720,1.24
全期間,C,8,30,off,266.02,38.5,25.42,50.34,1.55,592,1.07
全期間,C,8,30,above,236.07,39.54,23.57,50.59,1.47,589,1.0
全期間,C,8,45,off,340.8,36.24,29.56,50.18,1.68,564,1.25
全期間,C,8,45,above,305.31,38.08,27.68,50.35,1.57,570,1.18
全期間,C,8,60,off,277.06,44.2,26.08,49.34,1.59,529,1.1
全期間,C,8,60,above,292.25,37.28,26.95,50.09,1.6,545,1.13
全期間,C,8,90,off,324.81,40.6,28.73,49.44,1.68,540,1.2
全期間,C,8,90,above,290.6,37.33,26.86,50.82,1.58,549,1.13
全期間,C,8,120,off,324.81,40.6,28.73,49.44,1.68,540,1.2
全期間,C,8,120,above,290.6,37.33,26.86,50.82,1.58,549,1.13
全期間,C,10,5,off,37.87,44.74,5.77,47.09,1.08,1977,0.37
全期間,C,10,5,above,24.99,50.2,3.97,47.25,1.06,1888,0.29
全期間,C,10,10,off,44.5,43.61,6.64,50.09,1.13,1072,0.4
全期間,C,10,10,above,47.04,42.23,6.96,50.6,1.13,1085,0.41
全期間,C,10,15,off,187.13,27.99,20.22,51.37,1.44,878,1.0
全期間,C,10,15,above,208.48,27.68,21.74,52.19,1.48,889,1.07
全期間,C,10,20,off,249.97,34.75,24.45,50.68,1.5,888,1.09
全期間,C,10,20,above,301.63,29.35,27.47,50.5,1.59,899,1.22
全期間,C,10,30,off,226.71,36.48,22.96,48.89,1.48,720,1.02
全期間,C,10,30,above,221.54,39.45,22.62,49.03,1.46,722,1.0
全期間,C,10,45,off,298.16,34.67,27.28,49.49,1.59,693,1.21
全期間,C,10,45,above,304.62,33.78,27.64,49.06,1.6,695,1.23
全期間,C,10,60,off,276.93,35.68,26.07,48.43,1.57,669,1.15
全期間,C,10,60,above,297.97,34.89,27.27,49.19,1.59,679,1.2
全期間,C,10,90,off,285.92,31.85,26.59,48.52,1.58,674,1.17
全期間,C,10,90,above,305.77,36.35,27.7,48.82,1.6,678,1.22
全期間,C,10,120,off,285.92,31.85,26.59,48.52,1.58,674,1.17
全期間,C,10,120,above,305.77,36.35,27.7,48.82,1.6,678,1.22
全期間,D,3,5,off,239.84,54.13,23.81,46.75,1.44,584,0.85
全期間,D,3,5,above,236.2,52.92,23.58,46.83,1.44,583,0.85
全期間,D,3,10,off,200.59,47.06,21.19,52.11,1.49,355,0.82
全期間,D,3,10,above,270.41,30.76,25.69,53.15,1.65,365,1.03
全期間,D,3,15,off,203.53,50.66,21.39,51.67,1.58,269,0.8
全期間,D,3,15,above,248.21,44.41,24.34,52.54,1.64,276,0.94
全期間,D,3,20,off,244.48,54.66,24.1,48.15,1.63,270,0.82
全期間,D,3,20,above,274.98,46.0,25.96,49.64,1.69,274,0.9
全期間,D,3,30,off,286.85,45.43,26.64,47.73,1.77,220,0.9
全期間,D,3,30,above,322.5,36.57,28.61,49.32,1.9,219,1.01
全期間,D,3,45,off,277.05,46.62,26.08,47.18,1.88,195,0.91
全期間,D,3,45,above,275.63,37.94,25.99,47.67,1.9,193,0.94
全期間,D,3,60,off,296.34,44.99,27.18,47.85,1.96,186,0.96
全期間,D,3,60,above,292.96,35.7,26.99,48.09,1.99,183,0.97
全期間,D,3,90,off,260.36,43.58,25.08,46.7,1.88,182,0.89
全期間,D,3,90,above,292.59,34.11,26.97,48.04,2.02,179,0.97
全期間,D,3,120,off,326.51,43.79,28.82,47.25,2.06,182,1.03
全期間,D,3,120,above,301.3,34.21,27.46,48.04,2.04,179,0.99
全期間,D,5,5,off,132.66,53.13,15.89,47.81,1.26,960,0.74
全期間,D,5,5,above,134.56,54.69,16.05,47.96,1.27,955,0.74
全期間,D,5,10,off,120.68,36.68,14.82,50.17,1.29,580,0.7
全期間,D,5,10,above,128.19,39.52,15.49,50.61,1.32,577,0.71
全期間,D,5,15,off,201.22,33.1,21.23,50.89,1.45,450,0.91
全期間,D,5,15,above,233.06,35.11,23.38,51.45,1.53,449,0.99
全期間,D,5,20,off,245.56,42.09,24.17,49.66,1.51,443,0.93
全期間,D,5,20,above,289.04,40.19,26.77,49.89,1.64,439,1.01
全期間,D,5,30,off,308.61,31.2,27.86,47.89,1.72,355,1.06
全期間,D,5,30,above,309.49,31.51,27.91,48.02,1.74,354,1.07
全期間,D,5,45,off,438.14,27.1,34.16,47.04,2.23,304,1.29
全期間,D,5,45,above,483.5,28.46,36.06,46.13,2.36,310,1.37
全期間,D,5,60,off,417.67,37.14,33.25,44.07,2.23,295,1.21
全期間,D,5,60,above,396.6,37.51,32.29,45.27,2.17,296,1.22
全期間,D,5,90,off,409.59,36.65,32.89,43.94,2.16,289,1.22
全期間,D,5,90,above,333.25,35.5,29.17,44.14,1.96,290,1.1
全期間,D,5,120,off,428.55,33.21,33.74,44.48,2.2,290,1.26
全期間,D,5,120,above,394.58,31.66,32.19,46.02,2.15,289,1.22
全期間,D,8,5,off,77.39,48.08,10.53,47.13,1.16,1553,0.57
全期間,D,8,5,above,83.05,50.91,11.13,47.68,1.17,1533,0.59
全期間,D,8,10,off,52.65,46.55,7.66,48.39,1.15,868,0.44
全期間,D,8,10,above,66.92,42.47,9.36,49.54,1.18,870,0.5
全期間,D,8,15,off,280.46,24.18,26.28,50.0,1.65,706,1.23
全期間,D,8,15,above,218.67,25.63,22.43,50.0,1.54,694,1.04
全期間,D,8,20,off,376.87,25.02,31.35,49.65,1.76,713,1.3
全期間,D,8,20,above,315.67,27.68,28.24,48.77,1.69,693,1.16
全期間,D,8,30,off,288.23,29.36,26.72,48.61,1.64,541,1.11
全期間,D,8,30,above,267.46,29.89,25.51,48.4,1.6,531,1.07
全期間,D,8,45,off,428.06,25.11,33.71,46.56,2.09,479,1.38
全期間,D,8,45,above,386.32,28.46,31.81,46.65,2.0,478,1.31
全期間,D,8,60,off,314.92,32.8,28.2,46.22,1.86,437,1.12
全期間,D,8,60,above,375.39,28.77,31.28,46.76,2.04,447,1.26
全期間,D,8,90,off,353.52,25.8,30.21,44.44,1.91,441,1.22
全期間,D,8,90,above,338.76,27.52,29.46,45.0,1.86,440,1.22
全期間,D,8,120,off,410.96,24.96,32.95,46.0,2.07,437,1.36
全期間,D,8,120,above,400.31,27.09,32.46,46.21,2.06,435,1.35
全期間,D,10,5,off,53.19,49.07,7.73,46.73,1.11,1913,0.46
全期間,D,10,5,above,53.58,50.29,7.78,47.04,1.11,1877,0.45
全期間,D,10,10,off,42.59,45.74,6.39,48.46,1.12,1038,0.39
全期間,D,10,10,above,71.34,37.78,9.86,49.12,1.19,1081,0.54
全期間,D,10,15,off,344.62,23.41,29.76,50.06,1.76,887,1.46
全期間,D,10,15,above,290.89,30.63,26.87,50.34,1.64,870,1.3
全期間,D,10,20,off,404.48,26.51,32.65,48.98,1.83,884,1.39
全期間,D,10,20,above,436.49,31.36,34.08,48.86,1.88,876,1.46
全期間,D,10,30,off,193.92,34.52,20.71,44.95,1.44,643,0.92
全期間,D,10,30,above,218.18,29.48,22.39,46.01,1.5,652,0.97
全期間,D,10,45,off,265.0,25.95,25.36,43.01,1.67,579,1.09
全期間,D,10,45,above,377.24,28.64,31.37,44.46,1.95,587,1.33
全期間,D,10,60,off,273.06,30.58,25.84,43.57,1.7,544,1.09
全期間,D,10,60,above,345.44,28.88,29.8,44.86,1.92,555,1.28
全期間,D,10,90,off,271.84,30.46,25.77,43.5,1.71,531,1.09
全期間,D,10,90,above,355.48,28.56,30.31,44.75,1.92,543,1.29
全期間,D,10,120,off,365.81,30.79,30.82,44.13,1.98,537,1.31
全期間,D,10,120,above,410.68,28.14,32.93,45.27,2.11,539,1.4
全期間,E,3,5,off,242.65,51.71,23.99,43.75,1.48,592,0.86
全期間,E,3,5,above,236.41,52.76,23.59,43.49,1.47,591,0.85
全期間,E,3,10,off,193.8,55.77,20.7,45.01,1.5,371,0.77
全期間,E,3,10,above,254.68,49.45,24.74,46.58,1.66,380,0.94
全期間,E,3,15,off,178.32,58.23,19.57,44.03,1.49,293,0.75
全期間,E,3,15,above,254.29,34.16,24.71,46.54,1.63,318,1.0
全期間,E,3,20,off,217.88,54.75,22.38,44.07,1.54,295,0.81
全期間,E,3,20,above,276.65,41.87,26.05,43.04,1.64,316,0.97
全期間,E,3,30,off,358.22,32.95,30.44,40.88,1.82,274,1.15
全期間,E,3,30,above,405.41,26.02,32.69,40.79,1.97,277,1.27
全期間,E,3,45,off,299.07,38.69,27.33,39.39,1.74,264,1.04
全期間,E,3,45,above,368.96,30.41,30.97,40.3,1.92,263,1.2
全期間,E,3,60,off,316.55,34.31,28.29,38.43,1.75,255,1.08
全期間,E,3,60,above,385.05,26.31,31.74,39.38,1.96,259,1.25
全期間,E,3,90,off,329.82,33.44,28.99,38.61,1.74,259,1.13
全期間,E,3,90,above,396.8,25.35,32.3,40.23,1.95,256,1.3
全期間,E,3,120,off,324.49,36.61,28.71,37.98,1.75,258,1.13
全期間,E,3,120,above,389.38,27.75,31.95,39.61,1.95,255,1.29
全期間,E,5,5,off,99.83,52.61,12.85,44.46,1.2,974,0.61
全期間,E,5,5,above,98.5,53.52,12.72,44.62,1.2,966,0.6
全期間,E,5,10,off,107.97,44.81,13.64,43.36,1.26,602,0.63
全期間,E,5,10,above,151.88,42.32,17.5,44.65,1.37,607,0.79
全期間,E,5,15,off,210.46,35.75,21.87,44.94,1.47,514,0.96
全期間,E,5,15,above,231.35,32.54,23.26,44.06,1.51,522,1.03
全期間,E,5,20,off,246.22,45.87,24.21,42.01,1.5,507,0.97
全期間,E,5,20,above,254.73,44.27,24.74,41.67,1.52,516,0.99
全期間,E,5,30,off,284.87,23.46,26.53,38.36,1.56,451,1.12
全期間,E,5,30,above,319.13,24.42,28.43,39.56,1.66,450,1.19
全期間,E,5,45,off,350.21,24.94,30.04,36.89,1.72,431,1.23
全期間,E,5,45,above,393.61,25.73,32.15,37.78,1.8,442,1.31
全期間,E,5,60,off,300.03,41.24,27.39,37.34,1.69,399,1.11
全期間,E,5,60,above,362.1,28.45,30.63,37.5,1.77,424,1.26
全期間,E,5,90,off,288.68,41.78,26.75,36.68,1.65,398,1.09
全期間,E,5,90,above,381.5,26.07,31.58,37.32,1.8,418,1.31
全期間,E,5,120,off,299.09,44.29,27.33,36.62,1.67,396,1.12
全期間,E,5,120,above,384.59,30.36,31.72,37.32,1.81,418,1.33
全期間,E,8,5,off,35.3,53.09,5.42,43.82,1.08,1522,0.34
全期間,E,8,5,above,35.65,57.58,5.47,44.31,1.08,1485,0.34
全期間,E,8,10,off,82.25,45.08,11.05,42.3,1.2,922,0.57
全期間,E,8,10,above,98.14,46.84,12.68,43.34,1.24,916,0.64
全期間,E,8,15,off,154.12,29.58,17.68,42.33,1.35,789,0.84
全期間,E,8,15,above,129.51,28.47,15.61,42.64,1.31,781,0.76
全期間,E,8,20,off,219.56,39.53,22.49,41.0,1.46,783,0.97
全期間,E,8,20,above,231.8,38.53,23.29,41.04,1.49,787,1.01
全期間,E,8,30,off,342.0,25.92,29.62,39.64,1.73,676,1.26
全期間,E,8,30,above,372.12,28.36,31.13,39.05,1.8,676,1.34
全期間,E,8,45,off,395.54,29.13,32.24,37.56,1.88,631,1.36
全期間,E,8,45,above,391.72,29.04,32.06,37.34,1.86,632,1.37
全期間,E,8,60,off,353.59,33.39,30.21,36.95,1.81,609,1.27
全期間,E,8,60,above,492.49,30.8,36.43,38.54,2.06,615,1.56
全期間,E,8,90,off,439.5,28.07,34.22,37.93,1.93,609,1.46
全期間,E,8,90,above,486.11,25.86,36.17,37.79,2.01,606,1.58
全期間,E,8,120,off,427.09,31.33,33.67,37.33,1.92,600,1.44
全期間,E,8,120,above,482.7,28.29,36.03,37.83,2.0,608,1.58
全期間,E,10,5,off,9.77,48.89,1.64,43.64,1.03,1909,0.19
全期間,E,10,5,above,6.99,51.61,1.19,43.96,1.02,1845,0.18
全期間,E,10,10,off,59.07,48.36,8.44,43.58,1.16,1090,0.47
全期間,E,10,10,above,61.32,43.91,8.71,44.13,1.16,1124,0.48
全期間,E,10,15,off,160.14,23.88,18.17,42.55,1.37,973,0.91
全期間,E,10,15,above,116.6,29.57,14.45,42.51,1.29,941,0.74
全期間,E,10,20,off,228.04,30.85,23.05,40.78,1.48,976,1.05
全期間,E,10,20,above,194.67,38.82,20.77,40.0,1.43,960,0.96
全期間,E,10,30,off,301.1,21.95,27.45,37.95,1.65,830,1.23
全期間,E,10,30,above,305.02,22.52,27.66,38.71,1.66,824,1.27
全期間,E,10,45,off,275.98,27.03,26.01,36.66,1.61,761,1.18
全期間,E,10,45,above,311.86,27.31,28.04,37.22,1.7,755,1.28
全期間,E,10,60,off,298.2,30.91,27.28,36.28,1.68,736,1.22
全期間,E,10,60,above,324.18,30.65,28.7,36.52,1.71,742,1.31
全期間,E,10,90,off,275.08,28.57,25.96,35.71,1.62,728,1.16
全期間,E,10,90,above,325.52,24.94,28.77,36.2,1.74,732,1.31
全期間,E,10,120,off,294.41,31.83,27.07,35.46,1.64,736,1.22
全期間,E,10,120,above,354.61,24.47,30.26,36.5,1.76,726,1.37
樣本外,A,3,5,off,171.26,36.69,78.18,53.24,2.18,139,1.97
樣本外,A,3,5,above,166.47,36.69,76.35,52.52,2.13,139,1.91
樣本外,A,3,10,off,153.07,24.72,71.16,59.78,2.38,92,1.82
樣本外,A,3,10,above,147.32,24.72,68.9,58.06,2.24,93,1.76
樣本外,A,3,15,off,203.18,23.46,90.03,60.56,2.83,71,2.03
樣本外,A,3,15,above,186.09,23.46,83.76,59.72,2.6,72,1.88
樣本外,A,3,20,off,258.12,23.02,109.26,58.9,3.24,73,2.29
樣本外,A,3,20,above,250.28,23.02,106.6,58.11,3.07,74,2.24
樣本外,A,3,30,off,285.76,14.57,118.47,57.75,3.41,71,2.61
樣本外,A,3,30,above,276.01,14.57,115.25,56.94,3.23,72,2.55
樣本外,A,3,45,off,251.3,14.57,106.95,54.29,2.84,70,2.36
樣本外,A,3,45,above,241.69,14.57,103.65,53.52,2.7,71,2.28
樣本外,A,3,60,off,251.3,14.57,106.95,54.29,2.84,70,2.36
樣本外,A,3,60,above,241.69,14.57,103.65,53.52,2.7,71,2.28
樣本外,A,3,90,off,251.3,14.57,106.95,54.29,2.84,70,2.36
樣本外,A,3,90,above,241.69,14.57,103.65,53.52,2.7,71,2.28
樣本外,A,3,120,off,251.3,14.57,106.95,54.29,2.84,70,2.36
樣本外,A,3,120,above,241.69,14.57,103.65,53.52,2.7,71,2.28
樣本外,A,5,5,off,66.35,37.55,34.26,50.22,1.39,231,1.14
樣本外,A,5,5,above,66.11,36.1,34.14,50.85,1.39,234,1.14
樣本外,A,5,10,off,85.79,29.2,43.13,57.24,1.65,152,1.34
樣本外,A,5,10,above,80.09,27.21,40.57,56.77,1.6,155,1.26
樣本外,A,5,15,off,97.48,21.37,48.27,53.66,1.67,123,1.35
樣本外,A,5,15,above,97.48,21.79,48.27,54.47,1.67,123,1.33
樣本外,A,5,20,off,134.69,21.15,63.85,52.8,1.79,125,1.63
樣本外,A,5,20,above,142.52,21.56,67.0,52.38,1.82,126,1.66
樣本外,A,5,30,off,153.04,20.35,71.15,53.45,1.96,116,1.82
樣本外,A,5,30,above,185.94,15.14,83.7,55.56,2.21,117,2.12
樣本外,A,5,45,off,147.84,19.02,69.11,51.33,1.98,113,1.78
樣本外,A,5,45,above,206.27,13.8,91.15,55.36,2.46,112,2.29
樣本外,A,5,60,off,166.96,19.62,76.54,50.89,2.06,112,1.94
樣本外,A,5,60,above,193.39,14.39,86.46,52.21,2.29,113,2.15
樣本外,A,5,90,off,166.96,19.62,76.54,50.89,2.06,112,1.94
樣本外,A,5,90,above,193.39,14.39,86.46,52.21,2.29,113,2.15
樣本外,A,5,120,off,166.96,19.62,76.54,50.89,2.06,112,1.94
樣本外,A,5,120,above,193.39,14.39,86.46,52.21,2.29,113,2.15
樣本外,A,8,5,off,39.91,30.77,21.46,49.62,1.24,393,0.84
樣本外,A,8,5,above,47.78,30.38,25.37,50.51,1.29,392,0.96
樣本外,A,8,10,off,66.55,27.9,34.35,52.24,1.47,245,1.19
樣本外,A,8,10,above,70.26,26.52,36.07,53.09,1.51,243,1.23
樣本外,A,8,15,off,131.67,25.45,62.63,54.55,1.86,198,1.69
樣本外,A,8,15,above,126.96,25.62,60.71,55.9,1.86,195,1.65
樣本外,A,8,20,off,201.75,23.18,89.52,53.23,2.17,201,2.2
樣本外,A,8,20,above,191.85,23.37,85.89,54.77,2.16,199,2.13
樣本外,A,8,30,off,138.95,19.6,65.57,51.61,1.81,186,1.84
樣本外,A,8,30,above,153.96,20.54,71.51,52.41,1.89,187,1.98
樣本外,A,8,45,off,139.12,24.51,65.64,51.93,1.78,181,1.85
樣本外,A,8,45,above,139.98,24.51,65.98,52.49,1.79,181,1.86
樣本外,A,8,60,off,165.28,18.98,75.9,53.3,1.94,182,2.16
樣本外,A,8,60,above,165.16,17.93,75.85,52.81,1.97,178,2.17
樣本外,A,8,90,off,165.28,18.98,75.9,53.3,1.94,182,2.16
樣本外,A,8,90,above,165.16,17.93,75.85,52.81,1.97,178,2.17
樣本外,A,8,120,off,165.28,18.98,75.9,53.3,1.94,182,2.16
樣本外,A,8,120,above,165.16,17.93,75.85,52.81,1.97,178,2.17
樣本外,A,10,5,off,20.33,29.77,11.31,48.87,1.13,487,0.54
樣本外,A,10,5,above,24.94,29.47,13.76,48.86,1.16,483,0.61
樣本外,A,10,10,off,56.83,27.3,29.76,53.06,1.44,294,1.08
樣本外,A,10,10,above,49.36,26.32,26.14,53.06,1.39,294,0.96
樣本外,A,10,15,off,78.32,27.94,39.77,49.59,1.5,246,1.25
樣本外,A,10,15,above,95.6,27.45,47.45,51.61,1.62,248,1.44
樣本外,A,10,20,off,142.74,26.29,67.08,49.8,1.8,253,1.85
樣本外,A,10,20,above,155.76,25.81,72.21,50.98,1.89,255,1.98
樣本外,A,10,30,off,114.22,22.26,55.42,48.71,1.64,232,1.67
樣本外,A,10,30,above,114.83,23.2,55.68,50.0,1.66,228,1.65
樣本外,A,10,45,off,113.94,23.17,55.3,48.64,1.64,220,1.67
樣本外,A,10,45,above,118.14,24.12,57.06,50.0,1.67,220,1.69
樣本外,A,10,60,off,119.71,22.04,57.72,48.43,1.66,223,1.72
樣本外,A,10,60,above,120.19,22.25,57.92,49.32,1.68,221,1.71
樣本外,A,10,90,off,119.71,22.04,57.72,48.43,1.66,223,1.72
樣本外,A,10,90,above,120.19,22.25,57.92,49.32,1.68,221,1.71
樣本外,A,10,120,off,119.71,22.04,57.72,48.43,1.66,223,1.72
樣本外,A,10,120,above,120.19,22.25,57.92,49.32,1.68,221,1.71
樣本外,B,3,5,off,165.57,29.46,76.01,51.08,2.31,139,2.09
樣本外,B,3,5,above,166.05,29.46,76.19,50.36,2.31,139,2.09
樣本外,B,3,10,off,185.48,21.46,83.53,54.21,2.61,107,2.35
樣本外,B,3,10,above,194.07,21.46,86.71,55.14,2.77,107,2.43
樣本外,B,3,15,off,152.65,28.61,71.0,55.32,2.34,94,1.94
樣本外,B,3,15,above,164.52,28.61,75.6,57.29,2.48,96,2.05
樣本外,B,3,20,off,174.85,26.36,79.54,55.32,2.48,94,2.1
樣本外,B,3,20,above,189.07,26.36,84.86,58.33,2.67,96,2.27
樣本外,B,3,30,off,156.38,26.36,72.46,53.19,2.26,94,1.91
樣本外,B,3,30,above,185.93,26.36,83.7,57.29,2.63,96,2.2
樣本外,B,3,45,off,156.38,26.36,72.46,53.19,2.26,94,1.91
樣本外,B,3,45,above,185.93,26.36,83.7,57.29,2.63,96,2.2
樣本外,B,3,60,off,156.38,26.36,72.46,53.19,2.26,94,1.91
樣本外,B,3,60,above,185.93,26.36,83.7,57.29,2.63,96,2.2
樣本外,B,3,90,off,156.38,26.36,72.46,53.19,2.26,94,1.91
樣本外,B,3,90,above,185.93,26.36,83.7,57.29,2.63,96,2.2
樣本外,B,3,120,off,156.38,26.36,72.46,53.19,2.26,94,1.91
樣本外,B,3,120,above,185.93,26.36,83.7,57.29,2.63,96,2.2
樣本外,B,5,5,off,43.91,32.87,23.45,48.05,1.28,231,0.87
樣本外,B,5,5,above,42.7,31.72,22.86,47.44,1.27,234,0.86
樣本外,B,5,10,off,102.47,27.67,50.43,50.56,1.69,180,1.66
樣本外,B,5,10,above,113.55,26.64,55.14,50.56,1.77,178,1.77
樣本外,B,5,15,off,93.31,22.97,46.45,53.46,1.67,159,1.58
樣本外,B,5,15,above,114.24,22.93,55.43,53.42,1.82,161,1.82
樣本外,B,5,20,off,118.25,21.32,57.11,53.46,1.83,159,1.85
樣本外,B,5,20,above,145.48,21.52,68.17,54.04,2.02,161,2.15
樣本外,B,5,30,off,125.61,22.73,60.15,53.16,1.84,158,1.85
樣本外,B,5,30,above,151.85,21.68,70.69,53.8,2.08,158,2.24
樣本外,B,5,45,off,129.09,21.75,61.58,52.87,1.85,157,1.88
樣本外,B,5,45,above,154.6,20.68,71.76,52.87,2.09,157,2.27
樣本外,B,5,60,off,129.09,21.75,61.58,52.87,1.85,157,1.88
樣本外,B,5,60,above,154.6,20.68,71.76,52.87,2.09,157,2.27
樣本外,B,5,90,off,129.09,21.75,61.58,52.87,1.85,157,1.88
樣本外,B,5,90,above,154.6,20.68,71.76,52.87,2.09,157,2.27
樣本外,B,5,120,off,129.09,21.75,61.58,52.87,1.85,157,1.88
樣本外,B,5,120,above,154.6,20.68,71.76,52.87,2.09,157,2.27
樣本外,B,8,5,off,24.61,28.23,13.58,46.56,1.16,393,0.61
樣本外,B,8,5,above,33.52,28.25,18.21,46.8,1.22,391,0.76
樣本外,B,8,10,off,77.13,26.22,39.22,47.89,1.51,284,1.38
樣本外,B,8,10,above,80.98,25.59,40.97,48.2,1.54,278,1.4
樣本外,B,8,15,off,85.65,28.47,43.06,50.0,1.55,246,1.45
樣本外,B,8,15,above,73.07,28.15,37.37,48.37,1.47,246,1.28
樣本外,B,8,20,off,105.6,27.56,51.77,50.4,1.65,250,1.67
樣本外,B,8,20,above,96.48,27.94,47.84,49.4,1.6,249,1.57
樣本外,B,8,30,off,137.53,28.19,65.0,51.25,1.88,240,2.0
樣本外,B,8,30,above,116.99,27.47,56.58,49.19,1.74,246,1.85
樣本外,B,8,45,off,138.08,27.76,65.22,50.83,1.87,240,2.0
樣本外,B,8,45,above,118.11,26.99,57.05,48.78,1.74,246,1.86
樣本外,B,8,60,off,138.08,27.76,65.22,50.83,1.87,240,2.0
樣本外,B,8,60,above,118.11,26.99,57.05,48.78,1.74,246,1.86
樣本外,B,8,90,off,138.08,27.76,65.22,50.83,1.87,240,2.0
樣本外,B,8,90,above,118.11,26.99,57.05,48.78,1.74,246,1.86
樣本外,B,8,120,off,138.08,27.76,65.22,50.83,1.87,240,2.0
樣本外,B,8,120,above,118.11,26.99,57.05,48.78,1.74,246,1.86
樣本外,B,10,5,off,3.15,26.98,1.81,45.98,1.04,485,0.21
樣本外,B,10,5,above,9.64,26.89,5.47,45.76,1.07,483,0.34
樣本外,B,10,10,off,71.49,24.53,36.64,47.71,1.52,350,1.32
樣本外,B,10,10,above,68.16,24.11,35.1,47.14,1.49,350,1.28
樣本外,B,10,15,off,71.8,26.35,36.79,46.91,1.48,307,1.3
樣本外,B,10,15,above,72.69,25.92,37.2,46.58,1.49,307,1.33
樣本外,B,10,20,off,101.58,26.03,50.05,48.4,1.64,312,1.67
樣本外,B,10,20,above,100.9,26.0,49.75,48.38,1.65,308,1.67
樣本外,B,10,30,off,101.41,26.36,49.97,47.54,1.64,305,1.65
樣本外,B,10,30,above,105.13,25.42,51.57,47.18,1.67,301,1.74
樣本外,B,10,45,off,99.67,28.49,49.22,47.52,1.62,303,1.61
樣本外,B,10,45,above,95.66,27.52,47.48,45.7,1.61,302,1.6
樣本外,B,10,60,off,98.62,28.49,48.77,47.52,1.61,303,1.6
樣本外,B,10,60,above,94.61,27.52,47.02,45.7,1.6,302,1.59
樣本外,B,10,90,off,98.62,28.49,48.77,47.52,1.61,303,1.6
樣本外,B,10,90,above,94.61,27.52,47.02,45.7,1.6,302,1.59
樣本外,B,10,120,off,98.62,28.49,48.77,47.52,1.61,303,1.6
樣本外,B,10,120,above,94.61,27.52,47.02,45.7,1.6,302,1.59
樣本外,C,3,5,off,161.03,37.48,74.26,53.96,2.02,139,1.9
樣本外,C,3,5,above,157.01,37.48,72.7,53.24,1.99,139,1.85
樣本外,C,3,10,off,150.97,41.3,70.34,56.32,2.4,87,1.7
樣本外,C,3,10,above,151.53,41.3,70.56,55.17,2.4,87,1.69
樣本外,C,3,15,off,82.53,47.32,41.67,56.41,1.56,78,1.04
樣本外,C,3,15,above,103.0,47.32,50.66,56.41,1.7,78,1.21
樣本外,C,3,20,off,94.67,46.75,47.05,52.56,1.58,78,1.1
樣本外,C,3,20,above,127.18,46.75,60.8,55.7,1.79,79,1.36
樣本外,C,3,30,off,196.2,40.91,87.49,57.89,2.34,76,1.92
樣本外,C,3,30,above,221.87,40.91,96.73,61.04,2.41,77,2.11
樣本外,C,3,45,off,113.36,40.91,55.06,53.12,1.96,64,1.31
樣本外,C,3,45,above,104.27,40.91,51.2,53.85,1.8,65,1.21
樣本外,C,3,60,off,119.87,40.91,57.78,53.12,2.0,64,1.36
樣本外,C,3,60,above,110.67,40.91,53.93,53.85,1.84,65,1.26
樣本外,C,3,90,off,119.87,40.91,57.78,53.12,2.0,64,1.36
樣本外,C,3,90,above,110.67,40.91,53.93,53.85,1.84,65,1.26
樣本外,C,3,120,off,119.87,40.91,57.78,53.12,2.0,64,1.36
樣本外,C,3,120,above,110.67,40.91,53.93,53.85,1.84,65,1.26
樣本外,C,5,5,off,54.23,37.49,28.51,50.43,1.31,232,0.98
樣本外,C,5,5,above,55.56,36.46,29.15,51.28,1.31,234,1.0
樣本外,C,5,10,off,51.47,39.0,27.17,51.03,1.35,145,0.87
樣本外,C,5,10,above,56.26,38.22,29.48,53.38,1.37,148,0.92
樣本外,C,5,15,off,43.88,30.42,23.44,55.2,1.3,125,0.81
樣本外,C,5,15,above,37.1,30.3,20.04,54.03,1.25,124,0.72
樣本外,C,5,20,off,113.09,31.22,54.95,55.04,1.66,129,1.49
樣本外,C,5,20,above,97.95,31.2,48.48,56.15,1.57,130,1.35
樣本外,C,5,30,off,163.8,30.03,75.33,54.87,2.0,113,1.87
樣本外,C,5,30,above,167.2,30.1,76.63,55.75,2.03,113,1.9
樣本外,C,5,45,off,100.31,23.35,49.5,51.43,1.63,105,1.35
樣本外,C,5,45,above,126.93,23.23,60.7,53.7,1.79,108,1.59
樣本外,C,5,60,off,185.2,18.13,83.43,53.7,2.11,108,2.06
樣本外,C,5,60,above,200.9,18.85,89.2,56.36,2.22,110,2.17
樣本外,C,5,90,off,185.2,18.13,83.43,53.7,2.11,108,2.06
樣本外,C,5,90,above,200.9,18.85,89.2,56.36,2.22,110,2.17
樣本外,C,5,120,off,185.2,18.13,83.43,53.7,2.11,108,2.06
樣本外,C,5,120,above,200.9,18.85,89.2,56.36,2.22,110,2.17
樣本外,C,8,5,off,34.62,30.55,18.78,50.13,1.21,393,0.76
樣本外,C,8,5,above,40.66,30.56,21.84,50.77,1.24,392,0.86
樣本外,C,8,10,off,36.71,28.98,19.84,51.29,1.24,232,0.75
樣本外,C,8,10,above,41.8,28.29,22.4,52.34,1.29,235,0.82
樣本外,C,8,15,off,57.23,29.5,29.95,55.44,1.37,193,1.03
樣本外,C,8,15,above,57.73,29.26,30.19,55.84,1.38,197,1.04
樣本外,C,8,20,off,101.82,29.61,50.15,54.0,1.57,200,1.48
樣本外,C,8,20,above,114.87,30.7,55.69,54.5,1.65,200,1.63
樣本外,C,8,30,off,139.29,34.96,65.71,51.7,1.8,176,1.78
樣本外,C,8,30,above,97.26,36.12,48.18,52.69,1.6,167,1.43
樣本外,C,8,45,off,105.1,32.95,51.56,50.0,1.64,162,1.48
樣本外,C,8,45,above,103.13,33.68,50.71,49.38,1.63,162,1.48
樣本外,C,8,60,off,120.63,28.75,58.1,49.69,1.74,163,1.66
樣本外,C,8,60,above,137.32,29.03,64.92,50.88,1.79,171,1.81
樣本外,C,8,90,off,120.63,28.75,58.1,49.69,1.74,163,1.66
樣本外,C,8,90,above,137.32,29.03,64.92,50.88,1.79,171,1.81
樣本外,C,8,120,off,120.63,28.75,58.1,49.69,1.74,163,1.66
樣本外,C,8,120,above,137.32,29.03,64.92,50.88,1.79,171,1.81
樣本外,C,10,5,off,15.87,29.69,8.9,49.28,1.1,487,0.45
樣本外,C,10,5,above,17.77,29.64,9.93,49.07,1.11,483,0.49
樣本外,C,10,10,off,30.87,28.81,16.85,51.61,1.23,279,0.69
樣本外,C,10,10,above,30.68,28.16,16.75,51.25,1.23,279,0.69
樣本外,C,10,15,off,42.55,29.85,22.78,52.38,1.32,231,0.85
樣本外,C,10,15,above,51.13,29.22,27.0,52.99,1.38,234,0.98
樣本外,C,10,20,off,80.73,30.19,40.86,52.48,1.5,242,1.28
樣本外,C,10,20,above,86.9,30.57,43.62,52.7,1.54,241,1.36
樣本外,C,10,30,off,120.68,32.01,58.12,50.48,1.71,210,1.71
樣本外,C,10,30,above,120.35,32.27,57.98,50.24,1.72,211,1.73
樣本外,C,10,45,off,78.05,33.34,39.65,48.73,1.48,197,1.27
樣本外,C,10,45,above,121.97,33.64,58.65,50.0,1.72,206,1.73
樣本外,C,10,60,off,97.97,30.25,48.49,48.76,1.57,201,1.48
樣本外,C,10,60,above,132.65,30.12,63.03,50.24,1.78,205,1.86
樣本外,C,10,90,off,97.97,30.25,48.49,48.76,1.57,201,1.48
樣本外,C,10,90,above,132.65,30.12,63.03,50.24,1.78,205,1.86
樣本外,C,10,120,off,97.97,30.25,48.49,48.76,1.57,201,1.48
樣本外,C,10,120,above,132.65,30.12,63.03,50.24,1.78,205,1.86
樣本外,D,3,5,off,166.9,37.65,76.52,54.35,2.07,138,1.91
樣本外,D,3,5,above,163.2,37.65,75.1,53.62,2.04,138,1.86
樣本外,D,3,10,off,116.75,36.36,56.48,57.47,1.95,87,1.41
樣本外,D,3,10,above,118.82,36.36,57.35,57.47,1.95,87,1.42
樣本外,D,3,15,off,81.52,32.26,41.21,58.82,1.73,68,1.08
樣本外,D,3,15,above,79.92,32.26,40.49,58.82,1.72,68,1.07
樣本外,D,3,20,off,137.4,34.82,64.95,53.52,2.01,71,1.49
樣本外,D,3,20,above,141.17,34.82,66.46,54.93,2.04,71,1.52
樣本外,D,3,30,off,169.63,38.34,77.56,58.93,2.31,56,1.66
樣本外,D,3,30,above,150.87,38.34,70.3,58.93,2.22,56,1.55
樣本外,D,3,45,off,143.78,24.53,67.5,55.77,2.44,52,1.5
樣本外,D,3,45,above,134.55,24.53,63.8,55.77,2.36,52,1.45
樣本外,D,3,60,off,145.02,24.53,67.99,50.98,2.4,51,1.56
樣本外,D,3,60,above,141.69,24.53,66.67,52.0,2.4,50,1.56
樣本外,D,3,90,off,144.5,24.53,67.79,52.94,2.44,51,1.5
樣本外,D,3,90,above,142.5,24.53,66.99,54.0,2.45,50,1.5
樣本外,D,3,120,off,144.5,24.53,67.79,52.94,2.44,51,1.5
樣本外,D,3,120,above,142.5,24.53,66.99,54.0,2.45,50,1.5
樣本外,D,5,5,off,71.14,33.7,36.48,51.28,1.41,234,1.21
樣本外,D,5,5,above,73.09,32.13,37.38,51.28,1.42,234,1.24
樣本外,D,5,10,off,54.59,35.28,28.68,55.64,1.45,133,0.95
樣本外,D,5,10,above,60.7,33.54,31.6,54.68,1.49,139,1.03
樣本外,D,5,15,off,82.36,31.01,41.59,59.13,1.7,115,1.29
樣本外,D,5,15,above,79.8,31.34,40.44,58.77,1.68,114,1.25
樣本外,D,5,20,off,126.52,31.48,60.53,54.31,1.86,116,1.63
樣本外,D,5,20,above,121.03,33.92,58.26,53.91,1.82,115,1.56
樣本外,D,5,30,off,125.13,34.17,59.96,54.55,1.9,88,1.55
樣本外,D,5,30,above,119.71,36.05,57.71,54.55,1.88,88,1.49
樣本外,D,5,45,off,137.16,18.06,64.85,56.79,2.25,81,1.66
樣本外,D,5,45,above,145.35,18.06,68.12,54.88,2.28,82,1.76
樣本外,D,5,60,off,138.19,19.16,65.26,52.44,2.28,82,1.74
樣本外,D,5,60,above,134.91,19.16,63.94,51.81,2.22,83,1.71
樣本外,D,5,90,off,136.1,20.55,64.42,54.43,2.33,79,1.67
樣本外,D,5,90,above,133.66,19.82,63.44,54.43,2.29,79,1.66
樣本外,D,5,120,off,136.1,20.55,64.42,54.43,2.33,79,1.67
樣本外,D,5,120,above,133.66,19.82,63.44,54.43,2.29,79,1.66
樣本外,D,8,5,off,45.77,29.92,24.38,49.61,1.27,389,0.96
樣本外,D,8,5,above,53.39,29.81,28.1,50.39,1.32,389,1.07
樣本外,D,8,10,off,46.84,27.92,24.91,50.66,1.37,229,0.97
樣本外,D,8,10,above,55.42,27.56,29.08,52.42,1.45,227,1.07
樣本外,D,8,15,off,53.79,24.32,28.29,51.93,1.44,181,0.97
樣本外,D,8,15,above,59.65,23.76,31.1,53.63,1.49,179,1.05
樣本外,D,8,20,off,111.51,23.78,54.28,49.2,1.69,187,1.56
樣本外,D,8,20,above,112.84,23.01,54.84,50.0,1.69,188,1.59
樣本外,D,8,30,off,104.66,24.08,51.37,50.36,1.83,137,1.5
樣本外,D,8,30,above,93.55,25.34,46.56,48.91,1.75,137,1.39
樣本外,D,8,45,off,105.4,24.97,51.69,50.0,1.86,130,1.48
樣本外,D,8,45,above,110.64,26.11,53.91,49.62,1.88,133,1.54
樣本外,D,8,60,off,109.34,21.33,53.36,47.69,1.9,130,1.54
樣本外,D,8,60,above,121.18,22.26,58.33,49.21,2.02,126,1.64
樣本外,D,8,90,off,103.19,21.09,50.74,48.78,1.85,123,1.48
樣本外,D,8,90,above,98.63,21.09,48.77,47.15,1.81,123,1.43
樣本外,D,8,120,off,103.19,21.09,50.74,48.78,1.85,123,1.48
樣本外,D,8,120,above,98.63,21.09,48.77,47.15,1.81,123,1.43
樣本外,D,10,5,off,31.5,29.1,17.18,49.48,1.19,481,0.75
樣本外,D,10,5,above,35.54,28.5,19.25,49.79,1.22,478,0.82
樣本外,D,10,10,off,42.36,27.63,22.68,51.09,1.35,274,0.92
樣本外,D,10,10,above,41.35,26.54,22.18,51.81,1.34,276,0.9
樣本外,D,10,15,off,40.17,25.0,21.59,50.9,1.35,222,0.83
樣本外,D,10,15,above,32.47,25.08,17.68,51.61,1.3,217,0.72
樣本外,D,10,20,off,140.97,24.43,66.38,50.43,1.97,230,1.9
樣本外,D,10,20,above,129.86,24.62,61.89,51.09,1.91,229,1.81
樣本外,D,10,30,off,77.47,25.16,39.38,47.93,1.58,169,1.24
樣本外,D,10,30,above,71.89,25.77,36.83,47.93,1.55,169,1.18
樣本外,D,10,45,off,82.57,23.2,41.68,44.3,1.66,158,1.32
樣本外,D,10,45,above,98.29,23.52,48.62,47.17,1.76,159,1.45
樣本外,D,10,60,off,88.78,20.72,44.46,44.52,1.73,155,1.38
樣本外,D,10,60,above,79.53,20.79,40.32,45.51,1.66,156,1.29
樣本外,D,10,90,off,84.99,19.96,42.77,45.03,1.72,151,1.34
樣本外,D,10,90,above,84.91,21.03,42.73,45.39,1.72,152,1.34
樣本外,D,10,120,off,84.99,19.96,42.77,45.03,1.72,151,1.34
樣本外,D,10,120,above,84.91,21.03,42.73,45.39,1.72,152,1.34
樣本外,E,3,5,off,164.57,36.56,75.62,51.08,2.19,139,1.94
樣本外,E,3,5,above,161.33,36.56,74.38,50.36,2.17,139,1.89
樣本外,E,3,10,off,121.24,30.21,58.35,52.53,1.96,99,1.54
樣本外,E,3,10,above,127.58,30.21,60.96,53.06,2.03,98,1.6
樣本外,E,3,15,off,90.57,36.53,45.25,49.37,1.7,79,1.2
樣本外,E,3,15,above,76.35,36.53,38.87,49.35,1.6,77,1.04
樣本外,E,3,20,off,123.98,35.69,59.49,49.37,1.91,79,1.47
樣本外,E,3,20,above,133.34,35.69,63.31,50.0,1.98,78,1.55
樣本外,E,3,30,off,158.56,35.69,73.31,46.84,2.22,79,1.77
樣本外,E,3,30,above,174.01,35.69,79.23,48.72,2.41,78,1.89
樣本外,E,3,45,off,123.83,35.69,59.42,41.56,1.91,77,1.46
樣本外,E,3,45,above,175.29,35.69,79.71,45.33,2.43,75,1.86
樣本外,E,3,60,off,119.77,35.69,57.74,41.56,1.88,77,1.43
樣本外,E,3,60,above,172.31,35.69,78.58,45.33,2.4,75,1.83
樣本外,E,3,90,off,119.77,35.69,57.74,41.56,1.88,77,1.43
樣本外,E,3,90,above,172.31,35.69,78.58,45.33,2.4,75,1.83
樣本外,E,3,120,off,119.77,35.69,57.74,41.56,1.88,77,1.43
樣本外,E,3,120,above,172.31,35.69,78.58,45.33,2.4,75,1.83
樣本外,E,5,5,off,50.73,35.99,26.81,48.07,1.3,233,0.96
樣本外,E,5,5,above,49.44,34.93,26.18,48.29,1.3,234,0.94
樣本外,E,5,10,off,69.91,28.57,35.91,47.85,1.43,163,1.2
樣本外,E,5,10,above,70.5,27.56,36.19,49.39,1.43,164,1.2
樣本外,E,5,15,off,50.82,25.45,26.85,45.45,1.34,132,0.91
樣本外,E,5,15,above,48.27,25.41,25.61,46.27,1.32,134,0.88
樣本外,E,5,20,off,85.43,24.5,42.97,45.52,1.51,134,1.28
樣本外,E,5,20,above,100.4,25.09,49.54,47.06,1.6,136,1.47
樣本外,E,5,30,off,100.58,26.31,49.62,45.6,1.6,125,1.42
樣本外,E,5,30,above,130.62,24.4,62.2,46.09,1.8,128,1.78
樣本外,E,5,45,off,94.68,27.28,47.05,44.07,1.56,118,1.35
樣本外,E,5,45,above,130.82,22.93,62.29,44.26,1.8,122,1.72
樣本外,E,5,60,off,109.48,26.24,53.42,44.44,1.67,117,1.51
樣本外,E,5,60,above,157.02,18.88,72.7,43.44,1.97,122,2.0
樣本外,E,5,90,off,114.58,25.83,55.57,44.83,1.7,116,1.56
樣本外,E,5,90,above,157.02,18.88,72.7,43.44,1.97,122,2.0
樣本外,E,5,120,off,114.58,25.83,55.57,44.83,1.7,116,1.56
樣本外,E,5,120,above,157.02,18.88,72.7,43.44,1.97,122,2.0
樣本外,E,8,5,off,31.66,30.14,17.26,46.56,1.2,393,0.73
樣本外,E,8,5,above,40.86,30.15,21.93,47.45,1.25,392,0.87
樣本外,E,8,10,off,60.16,24.95,31.34,44.57,1.37,258,1.14
樣本外,E,8,10,above,69.64,24.32,35.79,45.0,1.42,260,1.26
樣本外,E,8,15,off,66.52,27.1,34.34,46.19,1.42,210,1.16
樣本外,E,8,15,above,72.78,26.57,37.23,46.7,1.47,212,1.25
樣本外,E,8,20,off,106.44,26.09,52.13,45.79,1.62,214,1.6
樣本外,E,8,20,above,111.1,26.1,54.11,46.7,1.68,212,1.65
樣本外,E,8,30,off,155.24,25.26,72.01,45.45,1.96,198,2.04
樣本外,E,8,30,above,141.53,25.29,66.6,44.67,1.87,197,1.96
樣本外,E,8,45,off,131.5,29.16,62.56,43.41,1.82,182,1.74
樣本外,E,8,45,above,126.83,28.61,60.65,41.94,1.79,186,1.76
樣本外,E,8,60,off,144.43,26.36,67.76,44.26,1.91,183,1.92
樣本外,E,8,60,above,137.13,24.17,64.84,43.17,1.86,183,1.91
樣本外,E,8,90,off,145.05,26.36,68.0,44.75,1.93,181,1.94
樣本外,E,8,90,above,134.21,24.17,63.66,42.54,1.84,181,1.89
樣本外,E,8,120,off,145.05,26.36,68.0,44.75,1.93,181,1.94
樣本外,E,8,120,above,134.21,24.17,63.66,42.54,1.84,181,1.89
樣本外,E,10,5,off,10.76,28.89,6.09,45.45,1.08,484,0.36
樣本外,E,10,5,above,15.79,28.83,8.86,45.44,1.11,482,0.46
樣本外,E,10,10,off,59.13,23.25,30.85,45.37,1.38,313,1.15
樣本外,E,10,10,above,53.54,23.19,28.17,44.51,1.35,319,1.07
樣本外,E,10,15,off,54.79,25.71,28.77,43.08,1.36,260,1.05
樣本外,E,10,15,above,58.94,24.41,30.76,44.66,1.38,262,1.11
樣本外,E,10,20,off,98.84,25.86,48.86,42.8,1.58,264,1.56
樣本外,E,10,20,above,94.55,24.09,46.99,43.66,1.57,268,1.52
樣本外,E,10,30,off,132.6,23.15,63.01,41.77,1.79,249,1.91
樣本外,E,10,30,above,143.15,23.12,67.25,41.87,1.88,246,2.05
樣本外,E,10,45,off,132.1,27.01,62.8,41.56,1.78,243,1.83
樣本外,E,10,45,above,145.8,25.36,68.3,41.03,1.87,234,2.05
樣本外,E,10,60,off,147.0,24.43,68.77,41.67,1.86,240,1.99
樣本外,E,10,60,above,152.75,22.28,71.04,40.52,1.93,232,2.15
樣本外,E,10,90,off,137.61,24.43,65.03,40.85,1.83,235,1.91
樣本外,E,10,90,above,148.49,22.28,69.37,40.61,1.92,229,2.11
樣本外,E,10,120,off,137.61,24.43,65.03,40.85,1.83,235,1.91
樣本外,E,10,120,above,148.49,22.28,69.37,40.61,1.92,229,2.11
