ticker,buy_date,sell_date,entry_regime,buy_price,sell_price,reason,pnl_pct,pnl,hold_days,final_stage,variant
5269,2021-02-01,2021-02-19,空頭,1757.81,1558.06,高點打折鎖利,-11.89,-2733.87,18,1,疊加土洋雙賣(取捨版)
2454,2021-02-01,2021-02-26,空頭,638.08,631.73,土洋雙賣(方案B借用),-1.59,-429.12,25,1,疊加土洋雙賣(取捨版)
6415,2021-02-01,2021-03-02,空頭,685.49,627.66,高點打折鎖利,-8.98,-1885.12,29,1,疊加土洋雙賣(取捨版)
2492,2021-02-01,2021-03-02,空頭,194.93,213.66,高點打折鎖利,8.95,2558.63,29,1,疊加土洋雙賣(取捨版)
3529,2021-02-01,2021-03-04,空頭,675.01,777.69,保本停利(直接出清),14.52,2855.08,31,1,疊加土洋雙賣(取捨版)
6488,2021-02-22,2021-03-09,多頭,675.63,591.82,土洋雙賣(方案B借用),-12.93,-93114.75,15,3,疊加土洋雙賣(取捨版)
2330,2021-02-01,2021-03-19,空頭,553.42,537.5,土洋雙賣(方案B借用),-3.46,-1048.52,46,1,疊加土洋雙賣(取捨版)
3661,2021-03-15,2021-03-19,多頭,894.24,890.42,土洋雙賣(方案B借用),-1.02,-1281.21,4,3,疊加土洋雙賣(取捨版)
6488,2021-03-15,2021-03-19,多頭,642.8,621.2,土洋雙賣(方案B借用),-3.94,-4453.93,4,3,疊加土洋雙賣(取捨版)
3529,2021-03-15,2021-04-13,多頭,789.1,742.51,高點打折鎖利,-6.47,-1542.22,29,3,疊加土洋雙賣(取捨版)
6438,2021-02-01,2021-05-03,空頭,68.15,81.62,高點打折鎖利,19.05,17692.76,91,3,疊加土洋雙賣(取捨版)
2317,2021-03-22,2021-05-03,多頭,103.91,89.92,高點打折鎖利,-13.98,-25307.35,42,3,疊加土洋雙賣(取捨版)
2412,2021-02-01,2021-05-06,空頭,86.96,89.97,土洋雙賣(方案B借用),2.84,4457.1,94,3,疊加土洋雙賣(取捨版)
6488,2021-04-19,2021-05-06,多頭,717.97,628.11,高點打折鎖利,-13.04,-2908.48,17,3,疊加土洋雙賣(取捨版)
5434,2021-03-22,2021-05-11,多頭,101.54,97.39,土洋雙賣(方案B借用),-4.66,-3769.25,50,3,疊加土洋雙賣(取捨版)
3035,2021-05-03,2021-05-11,多頭,63.31,57.42,高點打折鎖利,-9.85,-2527.22,8,3,疊加土洋雙賣(取捨版)
2324,2021-03-15,2021-05-12,多頭,17.06,17.64,高點打折鎖利,2.81,10241.84,58,3,疊加土洋雙賣(取捨版)
8046,2021-05-17,2021-05-20,空頭,263.98,251.95,土洋雙賣(方案B借用),-5.13,-4548.57,3,3,疊加土洋雙賣(取捨版)
2360,2021-05-17,2021-05-21,空頭,154.17,156.74,土洋雙賣(方案B借用),1.06,667.14,4,3,疊加土洋雙賣(取捨版)
6415,2021-05-17,2021-05-24,空頭,681.4,805.96,保本停利(直接出清),17.57,17503.7,7,3,疊加土洋雙賣(取捨版)
6415,2021-05-24,2021-06-08,空頭,823.06,774.64,高點打折鎖利,-6.45,-10246.24,15,2,疊加土洋雙賣(取捨版)
3529,2021-05-03,2021-06-22,多頭,974.49,1292.98,保本停利(直接出清),31.89,76741.64,50,3,疊加土洋雙賣(取捨版)
5269,2021-05-17,2021-06-22,空頭,1092.2,1256.21,保本停利(直接出清),14.33,11644.08,36,3,疊加土洋雙賣(取捨版)
2368,2021-05-17,2021-06-22,空頭,46.55,59.05,保本停利(直接出清),26.08,12696.97,36,3,疊加土洋雙賣(取捨版)
2383,2021-06-21,2021-06-22,多頭,184.77,176.99,土洋雙賣(方案B借用),-4.79,-7120.78,1,3,疊加土洋雙賣(取捨版)
2345,2021-05-17,2021-07-20,空頭,254.31,309.25,保本停利(直接出清),20.87,19612.31,64,3,疊加土洋雙賣(取捨版)
3533,2021-05-10,2021-07-21,多頭,453.06,465.03,土洋雙賣(方案B借用),2.03,3664.3,72,3,疊加土洋雙賣(取捨版)
3653,2021-05-24,2021-07-21,空頭,229.61,272.64,保本停利(直接出清),18.03,12085.34,58,2,疊加土洋雙賣(取捨版)
8086,2021-06-28,2021-07-21,多頭,145.09,176.49,保本停利(直接出清),20.91,53781.75,23,3,疊加土洋雙賣(取捨版)
6415,2021-06-28,2021-07-27,多頭,879.45,881.76,土洋雙賣(方案B借用),-0.34,-804.36,29,3,疊加土洋雙賣(取捨版)
3037,2021-07-26,2021-07-28,空頭,130.65,123.5,土洋雙賣(方案B借用),-6.04,-2489.12,2,1,疊加土洋雙賣(取捨版)
5483,2021-06-28,2021-07-29,多頭,147.77,154.86,土洋雙賣(方案B借用),4.17,4887.65,31,3,疊加土洋雙賣(取捨版)
3227,2021-07-26,2021-07-30,空頭,161.84,148.34,土洋雙賣(方案B借用),-8.89,-9394.47,4,2,疊加土洋雙賣(取捨版)
3661,2021-07-26,2021-07-30,空頭,652.53,604.76,土洋雙賣(方案B借用),-7.88,-3833.41,4,1,疊加土洋雙賣(取捨版)
4958,2021-07-26,2021-08-02,空頭,87.72,87.23,土洋雙賣(方案B借用),-1.16,-3901.14,7,3,疊加土洋雙賣(取捨版)
2059,2021-05-24,2021-08-03,空頭,347.24,336.86,土洋雙賣(方案B借用),-3.57,-3245.02,71,3,疊加土洋雙賣(取捨版)
6223,2021-08-02,2021-08-03,空頭,149.36,148.48,土洋雙賣(方案B借用),-1.19,-523.3,1,1,疊加土洋雙賣(取捨版)
4966,2021-08-02,2021-08-03,空頭,1553.14,1544.31,土洋雙賣(方案B借用),-1.16,-516.89,1,1,疊加土洋雙賣(取捨版)
3529,2021-08-02,2021-08-03,空頭,1291.35,1272.22,土洋雙賣(方案B借用),-2.07,-898.59,1,1,疊加土洋雙賣(取捨版)
2337,2021-08-02,2021-08-06,空頭,37.11,37.34,土洋雙賣(方案B借用),0.03,54.44,4,2,疊加土洋雙賣(取捨版)
5269,2021-08-02,2021-08-09,空頭,1864.56,1695.66,土洋雙賣(方案B借用),-9.6,-8666.37,7,2,疊加土洋雙賣(取捨版)
6531,2021-08-02,2021-08-11,空頭,354.46,294.51,高點打折鎖利,-17.41,-15090.26,9,2,疊加土洋雙賣(取捨版)
6412,2021-08-09,2021-08-11,空頭,53.98,52.53,防線B(破支撐),-3.27,-2249.12,2,1,疊加土洋雙賣(取捨版)
3131,2021-07-26,2021-08-17,空頭,355.22,328.14,高點打折鎖利,-8.17,-15359.32,22,3,疊加土洋雙賣(取捨版)
5347,2021-08-09,2021-08-17,空頭,113.68,107.92,土洋雙賣(方案B借用),-5.63,-4609.05,8,3,疊加土洋雙賣(取捨版)
6415,2021-08-09,2021-08-17,空頭,975.98,841.9,防線B(破支撐),-14.25,-3429.39,8,1,疊加土洋雙賣(取捨版)
8081,2021-08-16,2021-08-24,空頭,193.16,189.28,土洋雙賣(方案B借用),-2.6,-2913.68,8,2,疊加土洋雙賣(取捨版)
3661,2021-08-23,2021-08-26,空頭,633.97,622.91,土洋雙賣(方案B借用),-2.33,-3622.07,3,3,疊加土洋雙賣(取捨版)
3653,2021-08-23,2021-08-26,空頭,262.56,253.82,土洋雙賣(方案B借用),-3.91,-2637.66,3,3,疊加土洋雙賣(取捨版)
2303,2021-08-09,2021-09-17,空頭,45.5,50.26,土洋雙賣(方案B借用),9.78,7475.58,39,3,疊加土洋雙賣(取捨版)
3189,2021-08-30,2021-09-22,多頭,183.67,182.77,土洋雙賣(方案B借用),-1.08,-2345.67,23,3,疊加土洋雙賣(取捨版)
2324,2021-08-23,2021-09-28,空頭,17.72,18.95,土洋雙賣(方案B借用),6.27,2961.88,36,3,疊加土洋雙賣(取捨版)
3005,2021-09-27,2021-09-29,空頭,40.45,38.78,防線B(破支撐),-4.7,-1938.41,2,1,疊加土洋雙賣(取捨版)
2454,2021-09-27,2021-10-05,空頭,702.61,635.87,防線B(破支撐),-10.04,-11828.35,8,2,疊加土洋雙賣(取捨版)
3017,2021-09-27,2021-10-12,空頭,72.65,67.23,高點打折鎖利,-8.02,-11676.22,15,3,疊加土洋雙賣(取捨版)
3661,2021-10-18,2021-11-24,空頭,898.03,1055.09,高點打折鎖利,16.79,5950.25,37,1,疊加土洋雙賣(取捨版)
2059,2021-08-09,2021-11-26,空頭,340.6,437.82,保本停利(直接出清),27.77,40479.27,109,3,疊加土洋雙賣(取捨版)
3653,2021-09-27,2021-11-26,空頭,276.68,343.16,保本停利(直接出清),23.29,32120.55,60,3,疊加土洋雙賣(取捨版)
6282,2021-10-04,2021-11-26,空頭,24.91,30.64,保本停利(直接出清),22.3,8763.51,53,3,疊加土洋雙賣(取捨版)
3533,2021-11-29,2021-11-30,空頭,612.36,604.44,土洋雙賣(方案B借用),-1.88,-1266.86,1,1,疊加土洋雙賣(取捨版)
2356,2021-08-16,2021-12-14,空頭,19.63,21.08,土洋雙賣(方案B借用),6.73,8808.49,120,3,疊加土洋雙賣(取捨版)
2412,2021-08-09,2021-12-20,空頭,93.83,95.11,土洋雙賣(方案B借用),0.75,2916.69,133,3,疊加土洋雙賣(取捨版)
6414,2021-11-29,2022-01-07,空頭,195.71,201.32,保本停利(防守線回落),2.25,5728.75,39,3,疊加土洋雙賣(取捨版)
8046,2021-11-29,2022-01-10,空頭,515.3,449.85,高點打折鎖利,-13.22,-30193.94,42,3,疊加土洋雙賣(取捨版)
3653,2021-11-29,2022-01-11,空頭,367.77,324.83,高點打折鎖利,-12.21,-17977.71,43,2,疊加土洋雙賣(取捨版)
2382,2021-10-04,2022-01-19,空頭,59.22,71.2,保本停利(直接出清),19.52,5369.26,107,3,疊加土洋雙賣(取捨版)
3034,2021-12-06,2022-01-20,多頭,328.67,327.36,土洋雙賣(方案B借用),-0.99,-71.5,45,3,疊加土洋雙賣(取捨版)
2330,2022-01-17,2022-01-20,多頭,629.47,599.98,土洋雙賣(方案B借用),-5.26,-6796.26,3,3,疊加土洋雙賣(取捨版)
6196,2021-12-20,2022-01-25,空頭,135.01,135.86,高點打折鎖利,0.03,22.71,36,1,疊加土洋雙賣(取捨版)
2360,2022-01-24,2022-02-22,空頭,190.74,170.57,防線B(破支撐),-11.11,-2850.75,29,3,疊加土洋雙賣(取捨版)
3231,2022-01-24,2022-02-23,空頭,25.65,24.41,土洋雙賣(方案B借用),-5.41,-4205.79,30,3,疊加土洋雙賣(取捨版)
2353,2021-10-18,2022-03-04,空頭,20.81,22.21,土洋雙賣(方案B借用),6.05,5007.6,137,3,疊加土洋雙賣(取捨版)
2324,2022-01-10,2022-03-04,多頭,19.62,20.29,土洋雙賣(方案B借用),2.8,17791.82,53,3,疊加土洋雙賣(取捨版)
2356,2022-01-24,2022-03-08,空頭,21.04,20.38,防線B(破支撐),-3.72,-1017.93,43,3,疊加土洋雙賣(取捨版)
5434,2021-12-20,2022-03-10,空頭,126.63,137.36,土洋雙賣(方案B借用),7.83,9891.69,80,3,疊加土洋雙賣(取捨版)
3005,2022-03-07,2022-03-18,空頭,43.71,42.5,土洋雙賣(方案B借用),-3.35,-4420.5,11,2,疊加土洋雙賣(取捨版)
2359,2022-03-07,2022-04-01,空頭,23.67,24.74,保本停利(防守線回落),3.89,4534.57,25,3,疊加土洋雙賣(取捨版)
2455,2022-03-14,2022-04-07,空頭,104.65,90.45,土洋雙賣(方案B借用),-14.09,-12854.22,24,3,疊加土洋雙賣(取捨版)
8996,2022-03-07,2022-04-11,空頭,55.22,55.92,高點打折鎖利,0.65,1132.27,35,3,疊加土洋雙賣(取捨版)
3044,2022-01-24,2022-04-12,空頭,101.3,99.21,土洋雙賣(方案B借用),-2.65,-1727.43,78,3,疊加土洋雙賣(取捨版)
3081,2022-03-07,2022-04-13,空頭,158.02,150.03,防線B(破支撐),-5.63,-13903.76,37,3,疊加土洋雙賣(取捨版)
2059,2022-04-11,2022-04-22,空頭,409.35,382.28,防線B(破支撐),-7.17,-3225.22,11,3,疊加土洋雙賣(取捨版)
6285,2022-04-11,2022-05-05,空頭,59.67,58.26,土洋雙賣(方案B借用),-2.95,-1300.91,24,3,疊加土洋雙賣(取捨版)
2395,2022-04-25,2022-05-05,空頭,300.84,277.11,土洋雙賣(方案B借用),-8.44,-739.75,10,3,疊加土洋雙賣(取捨版)
2301,2022-04-25,2022-05-12,空頭,56.0,52.59,防線B(破支撐),-6.65,-1360.55,17,3,疊加土洋雙賣(取捨版)
3443,2022-05-09,2022-05-16,空頭,463.99,491.52,土洋雙賣(方案B借用),5.3,1580.99,7,3,疊加土洋雙賣(取捨版)
6669,2022-03-14,2022-05-23,空頭,874.73,801.03,土洋雙賣(方案B借用),-8.97,-11933.19,70,3,疊加土洋雙賣(取捨版)
3374,2022-04-25,2022-06-14,空頭,126.56,133.57,土洋雙賣(方案B借用),4.91,1015.58,50,3,疊加土洋雙賣(取捨版)
6515,2022-05-16,2022-06-14,空頭,336.86,387.77,保本停利(直接出清),14.43,1812.64,29,3,疊加土洋雙賣(取捨版)
6770,2022-05-16,2022-06-15,空頭,55.96,49.9,高點打折鎖利,-11.37,-2143.73,30,3,疊加土洋雙賣(取捨版)
3017,2022-05-23,2022-06-17,空頭,106.59,94.85,高點打折鎖利,-11.54,-13973.38,25,3,疊加土洋雙賣(取捨版)
6206,2022-04-11,2022-06-29,空頭,58.95,71.85,保本停利(直接出清),21.16,43901.4,79,3,疊加土洋雙賣(取捨版)
2480,2022-03-07,2022-07-06,空頭,70.82,62.73,高點打折鎖利,-11.95,-27993.04,121,3,疊加土洋雙賣(取捨版)
2317,2022-05-09,2022-07-08,空頭,86.27,88.89,土洋雙賣(方案B借用),2.42,772.24,60,3,疊加土洋雙賣(取捨版)
4979,2022-07-04,2022-07-14,空頭,24.92,27.14,土洋雙賣(方案B借用),8.25,19487.32,10,3,疊加土洋雙賣(取捨版)
6206,2022-07-04,2022-08-12,空頭,69.54,66.82,高點打折鎖利,-4.5,-1162.77,39,3,疊加土洋雙賣(取捨版)
8114,2022-07-04,2022-08-23,空頭,112.7,130.7,保本停利(直接出清),15.29,18827.71,50,3,疊加土洋雙賣(取捨版)
1513,2022-07-04,2022-08-23,空頭,47.18,59.08,保本停利(直接出清),24.47,25661.91,50,3,疊加土洋雙賣(取捨版)
3017,2022-07-18,2022-08-24,空頭,95.77,107.75,土洋雙賣(方案B借用),11.83,9076.41,37,1,疊加土洋雙賣(取捨版)
2412,2022-04-11,2022-08-31,空頭,106.64,103.73,土洋雙賣(方案B借用),-3.31,-12366.48,142,3,疊加土洋雙賣(取捨版)
2313,2022-07-18,2022-09-01,空頭,43.77,44.5,土洋雙賣(方案B借用),1.06,1896.17,45,3,疊加土洋雙賣(取捨版)
2345,2022-08-15,2022-09-01,多頭,262.79,250.54,土洋雙賣(方案B借用),-5.23,-5880.8,17,3,疊加土洋雙賣(取捨版)
6533,2022-08-29,2022-09-01,空頭,375.97,369.86,土洋雙賣(方案B借用),-2.21,-3403.71,3,3,疊加土洋雙賣(取捨版)
3680,2022-08-29,2022-09-14,空頭,259.5,269.17,土洋雙賣(方案B借用),3.1,2081.03,16,3,疊加土洋雙賣(取捨版)
2412,2022-09-05,2022-09-14,空頭,104.37,102.45,防線B(破支撐),-2.43,-5864.27,9,3,疊加土洋雙賣(取捨版)
3661,2022-08-29,2022-09-16,空頭,832.31,885.98,土洋雙賣(方案B借用),5.81,5565.58,18,3,疊加土洋雙賣(取捨版)
2376,2022-09-19,2022-09-20,空頭,84.7,82.83,土洋雙賣(方案B借用),-2.79,-2854.27,1,1,疊加土洋雙賣(取捨版)
6533,2022-09-05,2022-09-23,空頭,395.43,405.25,土洋雙賣(方案B借用),1.87,876.49,18,3,疊加土洋雙賣(取捨版)
2301,2022-09-05,2022-09-28,空頭,58.05,55.06,防線B(破支撐),-5.71,-9409.05,23,3,疊加土洋雙賣(取捨版)
2368,2022-09-26,2022-09-28,空頭,89.37,82.19,土洋雙賣(方案B借用),-8.59,-3795.28,2,1,疊加土洋雙賣(取捨版)
2382,2022-09-05,2022-10-03,空頭,65.61,61.35,防線B(破支撐),-7.05,-12358.08,28,3,疊加土洋雙賣(取捨版)
6285,2022-07-18,2022-10-07,空頭,68.3,75.15,土洋雙賣(方案B借用),9.38,11757.43,81,3,疊加土洋雙賣(取捨版)
1503,2022-06-20,2022-10-11,空頭,54.33,50.64,高點打折鎖利,-7.35,-11747.35,113,3,疊加土洋雙賣(取捨版)
3017,2022-09-19,2022-10-11,空頭,110.45,99.43,高點打折鎖利,-10.52,-22319.09,22,3,疊加土洋雙賣(取捨版)
5227,2022-09-26,2022-10-11,空頭,73.04,85.89,保本停利(直接出清),16.89,17411.06,15,3,疊加土洋雙賣(取捨版)
5347,2022-10-03,2022-10-11,空頭,55.81,52.3,防線B(破支撐),-6.86,-2700.62,8,3,疊加土洋雙賣(取捨版)
3533,2022-09-19,2022-10-18,空頭,708.33,636.73,土洋雙賣(方案B借用),-10.64,-29136.85,29,3,疊加土洋雙賣(取捨版)
2308,2022-10-17,2022-10-19,空頭,252.24,249.92,土洋雙賣(方案B借用),-1.51,-2024.31,2,2,疊加土洋雙賣(取捨版)
3289,2022-10-17,2022-10-19,空頭,66.48,66.56,土洋雙賣(方案B借用),-0.48,-331.93,2,2,疊加土洋雙賣(取捨版)
2454,2022-10-17,2022-10-20,空頭,468.14,459.62,土洋雙賣(方案B借用),-2.41,-4567.72,3,3,疊加土洋雙賣(取捨版)
2337,2022-10-17,2022-10-26,空頭,30.52,27.98,土洋雙賣(方案B借用),-8.86,-9835.41,9,2,疊加土洋雙賣(取捨版)
2353,2022-10-03,2022-10-27,空頭,18.58,18.58,土洋雙賣(方案B借用),-0.6,-480.71,24,3,疊加土洋雙賣(取捨版)
6770,2022-10-03,2022-10-28,空頭,28.55,29.44,土洋雙賣(方案B借用),2.51,1410.85,25,3,疊加土洋雙賣(取捨版)
2303,2022-10-24,2022-10-28,空頭,32.1,31.24,土洋雙賣(方案B借用),-3.26,-7772.51,4,3,疊加土洋雙賣(取捨版)
2454,2022-10-24,2022-10-28,空頭,471.64,455.59,土洋雙賣(方案B借用),-3.98,-7765.81,4,3,疊加土洋雙賣(取捨版)
2421,2022-10-24,2022-10-31,空頭,36.98,35.46,土洋雙賣(方案B借用),-4.69,-6712.93,7,2,疊加土洋雙賣(取捨版)
2308,2022-10-24,2022-11-01,空頭,250.39,243.39,土洋雙賣(方案B借用),-3.37,-2610.16,8,1,疊加土洋雙賣(取捨版)
2385,2022-10-31,2022-11-01,空頭,63.32,62.84,土洋雙賣(方案B借用),-1.34,-1003.17,1,1,疊加土洋雙賣(取捨版)
3034,2022-10-31,2022-11-03,空頭,190.27,192.43,土洋雙賣(方案B借用),0.53,390.95,3,2,疊加土洋雙賣(取捨版)
3587,2022-10-31,2022-12-08,空頭,117.24,137.68,保本停利(直接出清),16.73,13638.47,38,3,疊加土洋雙賣(取捨版)
6533,2022-10-31,2022-12-08,空頭,379.44,516.41,保本停利(直接出清),35.28,23712.11,38,3,疊加土洋雙賣(取捨版)
6643,2022-11-07,2022-12-08,多頭,279.96,363.28,保本停利(直接出清),28.99,73714.34,31,3,疊加土洋雙賣(取捨版)
1513,2022-12-12,2022-12-16,空頭,57.46,61.32,土洋雙賣(方案B借用),6.08,2375.23,4,2,疊加土洋雙賣(取捨版)
8299,2022-12-12,2022-12-21,空頭,280.45,276.91,土洋雙賣(方案B借用),-1.85,-1599.61,9,3,疊加土洋雙賣(取捨版)
2353,2022-11-07,2022-12-27,多頭,20.58,19.81,土洋雙賣(方案B借用),-4.29,-3417.69,50,3,疊加土洋雙賣(取捨版)
8050,2022-12-12,2022-12-27,空頭,69.39,64.45,土洋雙賣(方案B借用),-7.67,-12955.07,15,2,疊加土洋雙賣(取捨版)
1513,2022-12-26,2023-01-06,空頭,60.13,65.27,土洋雙賣(方案B借用),7.91,573.58,11,3,疊加土洋雙賣(取捨版)
3105,2023-01-09,2023-02-13,多頭,165.3,163.84,高點打折鎖利,-1.47,-3428.27,35,3,疊加土洋雙賣(取捨版)
3587,2022-12-12,2023-02-22,空頭,137.6,151.28,土洋雙賣(方案B借用),9.29,12094.25,72,3,疊加土洋雙賣(取捨版)
6412,2022-10-17,2023-02-24,空頭,55.68,64.37,保本停利(直接出清),14.93,42705.61,130,3,疊加土洋雙賣(取捨版)
2356,2022-10-31,2023-02-24,空頭,21.32,23.35,土洋雙賣(方案B借用),8.86,17573.9,116,3,疊加土洋雙賣(取捨版)
2449,2023-02-13,2023-03-10,多頭,33.9,39.44,保本停利(直接出清),15.66,35919.18,25,3,疊加土洋雙賣(取捨版)
2412,2022-10-31,2023-03-17,空頭,95.76,101.16,土洋雙賣(方案B借用),5.01,10543.62,137,3,疊加土洋雙賣(取捨版)
6531,2023-03-13,2023-03-21,空頭,276.21,303.22,土洋雙賣(方案B借用),9.12,9680.77,8,3,疊加土洋雙賣(取捨版)
5434,2023-03-06,2023-04-19,多頭,165.41,160.32,土洋雙賣(方案B借用),-3.66,-10721.23,44,3,疊加土洋雙賣(取捨版)
8046,2023-03-06,2023-04-19,多頭,235.23,228.92,土洋雙賣(方案B借用),-3.26,-5554.53,44,3,疊加土洋雙賣(取捨版)
2449,2023-03-13,2023-04-19,空頭,40.57,38.77,土洋雙賣(方案B借用),-5.01,-7975.17,37,3,疊加土洋雙賣(取捨版)
2345,2023-03-06,2023-04-20,多頭,287.75,281.15,土洋雙賣(方案B借用),-2.88,-4848.51,45,3,疊加土洋雙賣(取捨版)
3653,2023-03-27,2023-04-20,多頭,467.19,443.73,土洋雙賣(方案B借用),-5.59,-11410.2,24,3,疊加土洋雙賣(取捨版)
2324,2022-12-26,2023-04-25,空頭,19.69,21.31,土洋雙賣(方案B借用),7.55,781.92,120,3,疊加土洋雙賣(取捨版)
3034,2023-03-06,2023-04-25,多頭,331.45,321.24,土洋雙賣(方案B借用),-3.66,-2014.42,50,3,疊加土洋雙賣(取捨版)
3680,2023-03-20,2023-04-25,空頭,325.05,307.54,土洋雙賣(方案B借用),-5.95,-13151.95,36,3,疊加土洋雙賣(取捨版)
2368,2023-04-24,2023-05-04,空頭,95.23,92.25,土洋雙賣(方案B借用),-3.71,-3120.63,10,2,疊加土洋雙賣(取捨版)
1503,2023-05-08,2023-05-10,多頭,112.63,107.98,土洋雙賣(方案B借用),-4.71,-8170.71,2,3,疊加土洋雙賣(取捨版)
2382,2023-04-24,2023-05-12,空頭,75.74,89.97,保本停利(直接出清),18.07,44064.95,18,3,疊加土洋雙賣(取捨版)
3017,2023-05-08,2023-05-12,多頭,175.53,171.66,土洋雙賣(方案B借用),-2.79,-2841.05,4,3,疊加土洋雙賣(取捨版)
8046,2023-04-24,2023-06-27,空頭,241.4,257.8,土洋雙賣(方案B借用),6.16,11279.27,64,3,疊加土洋雙賣(取捨版)
2382,2023-05-15,2023-06-27,空頭,86.52,125.43,保本停利(直接出清),44.11,24510.68,43,1,疊加土洋雙賣(取捨版)
3661,2023-05-15,2023-06-27,空頭,1317.26,1707.57,土洋雙賣(方案B借用),28.85,9922.99,43,1,疊加土洋雙賣(取捨版)
1519,2023-05-15,2023-06-27,空頭,74.95,109.93,保本停利(直接出清),45.79,12178.4,43,1,疊加土洋雙賣(取捨版)
2404,2023-04-24,2023-06-29,空頭,175.45,178.53,土洋雙賣(方案B借用),1.14,3687.8,66,3,疊加土洋雙賣(取捨版)
6830,2023-04-24,2023-06-30,空頭,142.0,164.01,保本停利(直接出清),14.81,16359.05,67,3,疊加土洋雙賣(取捨版)
2324,2023-05-15,2023-06-30,空頭,25.35,26.3,土洋雙賣(方案B借用),3.13,10812.32,46,3,疊加土洋雙賣(取捨版)
2357,2023-05-15,2023-07-07,空頭,256.42,252.95,土洋雙賣(方案B借用),-1.94,-5161.33,53,3,疊加土洋雙賣(取捨版)
8996,2023-07-03,2023-07-07,多頭,360.1,345.58,土洋雙賣(方案B借用),-4.61,-4497.42,4,3,疊加土洋雙賣(取捨版)
3035,2023-07-03,2023-07-11,多頭,219.15,251.83,土洋雙賣(方案B借用),14.22,18949.29,8,3,疊加土洋雙賣(取捨版)
6285,2023-07-03,2023-07-11,多頭,87.93,103.81,保本停利(直接出清),17.34,35567.22,8,3,疊加土洋雙賣(取捨版)
3680,2023-07-03,2023-07-11,多頭,405.18,371.45,土洋雙賣(方案B借用),-8.87,-12131.13,8,3,疊加土洋雙賣(取捨版)
6669,2023-07-03,2023-07-12,多頭,1388.23,1611.09,保本停利(直接出清),15.36,17893.11,9,3,疊加土洋雙賣(取捨版)
6139,2023-07-03,2023-07-12,多頭,58.26,68.53,保本停利(直接出清),16.93,22185.47,9,3,疊加土洋雙賣(取捨版)
2383,2023-07-10,2023-08-02,空頭,275.05,379.22,保本停利(直接出清),37.05,130971.5,23,3,疊加土洋雙賣(取捨版)
6274,2023-07-10,2023-08-02,空頭,77.6,104.79,高點打折鎖利,34.22,84686.69,23,3,疊加土洋雙賣(取捨版)
1519,2023-07-17,2023-08-02,多頭,155.26,147.72,高點打折鎖利,-5.42,-8149.15,16,3,疊加土洋雙賣(取捨版)
8081,2023-07-17,2023-08-09,多頭,167.34,192.63,保本停利(直接出清),14.42,17321.68,23,3,疊加土洋雙賣(取捨版)
8050,2023-07-03,2023-08-16,多頭,80.04,94.03,保本停利(直接出清),16.78,28685.1,44,3,疊加土洋雙賣(取捨版)
2449,2023-07-17,2023-08-23,多頭,58.58,67.66,保本停利(直接出清),14.81,24515.64,37,3,疊加土洋雙賣(取捨版)
2324,2023-08-14,2023-08-29,空頭,31.16,29.98,土洋雙賣(方案B借用),-4.37,-12932.92,15,3,疊加土洋雙賣(取捨版)
6285,2023-07-17,2023-09-11,多頭,105.45,126.9,保本停利(直接出清),19.62,23890.61,56,3,疊加土洋雙賣(取捨版)
2357,2023-08-07,2023-09-11,空頭,324.19,328.06,土洋雙賣(方案B借用),0.59,963.42,35,3,疊加土洋雙賣(取捨版)
6830,2023-08-07,2023-09-12,空頭,171.34,153.46,防線B(破支撐),-10.97,-19046.96,36,3,疊加土洋雙賣(取捨版)
6412,2023-08-07,2023-09-21,空頭,103.18,97.06,高點打折鎖利,-6.5,-11766.55,45,3,疊加土洋雙賣(取捨版)
2337,2023-08-28,2023-09-21,空頭,31.16,32.94,土洋雙賣(方案B借用),5.07,4050.53,24,2,疊加土洋雙賣(取捨版)
3711,2023-08-28,2023-09-22,空頭,109.42,103.64,土洋雙賣(方案B借用),-5.85,-6668.49,25,2,疊加土洋雙賣(取捨版)
8299,2023-09-04,2023-09-22,多頭,392.32,419.85,土洋雙賣(方案B借用),6.38,17794.11,18,3,疊加土洋雙賣(取捨版)
6531,2023-09-18,2023-09-26,多頭,354.06,367.4,土洋雙賣(方案B借用),3.15,762.1,8,3,疊加土洋雙賣(取捨版)
5388,2023-09-25,2023-09-27,空頭,117.32,111.0,土洋雙賣(方案B借用),-5.95,-6317.14,2,1,疊加土洋雙賣(取捨版)
4966,2023-09-25,2023-09-28,空頭,968.87,930.11,土洋雙賣(方案B借用),-4.57,-2955.11,3,1,疊加土洋雙賣(取捨版)
2368,2023-09-25,2023-10-02,空頭,199.42,205.58,土洋雙賣(方案B借用),2.47,5849.4,7,3,疊加土洋雙賣(取捨版)
1560,2023-10-02,2023-10-04,空頭,153.95,150.56,土洋雙賣(方案B借用),-2.78,-3964.3,2,2,疊加土洋雙賣(取捨版)
6274,2023-09-25,2023-10-05,空頭,125.21,134.33,土洋雙賣(方案B借用),6.64,12894.17,10,3,疊加土洋雙賣(取捨版)
2382,2023-10-02,2023-10-16,空頭,222.65,196.34,高點打折鎖利,-12.34,-28301.52,14,3,疊加土洋雙賣(取捨版)
3706,2023-10-02,2023-10-18,空頭,36.91,32.94,防線B(破支撐),-11.27,-15061.42,16,3,疊加土洋雙賣(取捨版)
3035,2023-10-16,2023-10-19,多頭,336.42,329.69,土洋雙賣(方案B借用),-2.59,-6492.13,3,3,疊加土洋雙賣(取捨版)
2337,2023-10-23,2023-10-25,空頭,32.1,29.11,防線B(破支撐),-9.87,-4435.96,2,1,疊加土洋雙賣(取捨版)
6531,2023-10-02,2023-10-26,空頭,368.38,350.72,土洋雙賣(方案B借用),-5.36,-6895.73,24,3,疊加土洋雙賣(取捨版)
6510,2023-10-16,2023-10-27,多頭,570.92,483.32,土洋雙賣(方案B借用),-15.85,-19593.66,11,3,疊加土洋雙賣(取捨版)
6182,2023-10-23,2023-10-31,空頭,45.38,42.86,防線B(破支撐),-6.12,-5158.35,8,3,疊加土洋雙賣(取捨版)
3661,2023-10-30,2023-10-31,空頭,2702.38,2574.87,土洋雙賣(方案B借用),-5.29,-2065.45,1,1,疊加土洋雙賣(取捨版)
4979,2023-10-30,2023-11-17,空頭,157.17,155.72,高點打折鎖利,-1.52,-1696.05,18,2,疊加土洋雙賣(取捨版)
6139,2023-10-30,2023-12-04,空頭,122.42,127.03,保本停利(防守線回落),3.14,2506.61,35,1,疊加土洋雙賣(取捨版)
3227,2023-09-11,2023-12-21,空頭,112.55,131.95,高點打折鎖利,16.53,35901.79,101,3,疊加土洋雙賣(取捨版)
1519,2023-12-04,2023-12-21,多頭,223.57,230.07,高點打折鎖利,2.29,1888.13,17,3,疊加土洋雙賣(取捨版)
2404,2023-08-07,2024-01-03,空頭,201.94,235.14,保本停利(直接出清),15.74,75843.37,149,3,疊加土洋雙賣(取捨版)
2385,2023-10-23,2024-01-03,空頭,106.82,149.82,保本停利(直接出清),39.42,66859.26,72,3,疊加土洋雙賣(取捨版)
3231,2023-12-25,2024-01-03,多頭,87.98,85.15,土洋雙賣(方案B借用),-3.79,-12780.32,9,3,疊加土洋雙賣(取捨版)
6412,2023-11-06,2024-01-04,多頭,114.18,134.82,保本停利(直接出清),17.37,26318.7,59,3,疊加土洋雙賣(取捨版)
6415,2023-11-20,2024-01-04,多頭,404.79,428.8,土洋雙賣(方案B借用),5.3,5834.21,45,3,疊加土洋雙賣(取捨版)
2458,2023-09-11,2024-01-10,空頭,122.61,141.26,保本停利(直接出清),14.52,45065.24,121,3,疊加土洋雙賣(取捨版)
2301,2024-01-08,2024-01-10,空頭,103.96,97.15,土洋雙賣(方案B借用),-7.11,-5750.95,2,2,疊加土洋雙賣(取捨版)
2330,2024-01-08,2024-01-10,空頭,562.18,561.7,土洋雙賣(方案B借用),-0.68,-1143.13,2,2,疊加土洋雙賣(取捨版)
3189,2024-01-08,2024-01-11,空頭,95.92,93.96,防線B(破支撐),-2.62,-2735.04,3,2,疊加土洋雙賣(取捨版)
5269,2024-01-08,2024-01-12,空頭,1747.22,1735.16,土洋雙賣(方案B借用),-1.28,-1043.15,4,3,疊加土洋雙賣(取捨版)
6139,2024-01-08,2024-01-17,空頭,153.67,149.12,土洋雙賣(方案B借用),-3.54,-2557.86,9,3,疊加土洋雙賣(取捨版)
6531,2024-01-15,2024-01-17,空頭,516.07,508.93,土洋雙賣(方案B借用),-1.97,-2130.2,2,2,疊加土洋雙賣(取捨版)
2368,2024-01-15,2024-01-17,空頭,205.34,200.81,土洋雙賣(方案B借用),-2.79,-3012.75,2,2,疊加土洋雙賣(取捨版)
2385,2024-01-08,2024-01-31,空頭,155.8,140.03,防線B(破支撐),-10.66,-12077.8,23,3,疊加土洋雙賣(取捨版)
3231,2024-01-22,2024-02-27,多頭,106.1,103.37,高點打折鎖利,-3.16,-10656.44,36,3,疊加土洋雙賣(取捨版)
6643,2024-01-15,2024-03-06,空頭,1107.27,1334.82,高點打折鎖利,19.83,28248.56,51,3,疊加土洋雙賣(取捨版)
1560,2024-01-15,2024-03-08,空頭,189.94,234.1,高點打折鎖利,22.51,39874.96,53,3,疊加土洋雙賣(取捨版)
2383,2024-01-22,2024-03-12,多頭,420.36,434.36,高點打折鎖利,2.71,5204.57,50,3,疊加土洋雙賣(取捨版)
2059,2024-01-22,2024-03-13,多頭,1051.25,1232.17,高點打折鎖利,16.51,52913.97,51,3,疊加土洋雙賣(取捨版)
2404,2024-01-15,2024-03-15,空頭,244.36,301.06,高點打折鎖利,22.47,71940.42,60,3,疊加土洋雙賣(取捨版)
3081,2024-02-05,2024-03-25,多頭,118.76,125.09,高點打折鎖利,4.69,4752.29,49,3,疊加土洋雙賣(取捨版)
8046,2024-03-18,2024-03-28,多頭,202.59,190.11,防線B(破支撐),-6.72,-21715.71,10,3,疊加土洋雙賣(取捨版)
2455,2024-03-04,2024-04-11,多頭,172.77,156.06,高點打折鎖利,-10.21,-33362.25,38,3,疊加土洋雙賣(取捨版)
5269,2024-03-18,2024-04-15,多頭,2168.96,2069.94,高點打折鎖利,-5.14,-8530.46,28,3,疊加土洋雙賣(取捨版)
3034,2024-01-08,2024-04-16,空頭,430.33,517.29,保本停利(直接出清),19.49,28302.86,99,3,疊加土洋雙賣(取捨版)
3324,2024-03-11,2024-04-16,多頭,606.16,714.27,高點打折鎖利,17.13,66414.23,36,3,疊加土洋雙賣(取捨版)
1503,2024-03-18,2024-04-16,多頭,212.52,289.32,保本停利(直接出清),35.33,39345.72,29,3,疊加土洋雙賣(取捨版)
3533,2024-03-25,2024-04-16,多頭,1304.38,1313.77,高點打折鎖利,0.12,123.71,22,3,疊加土洋雙賣(取捨版)
6213,2024-04-01,2024-04-16,多頭,102.58,103.06,高點打折鎖利,-0.13,-402.89,15,3,疊加土洋雙賣(取捨版)
6515,2024-04-15,2024-04-23,多頭,851.99,746.1,土洋雙賣(方案B借用),-12.95,-58417.97,8,3,疊加土洋雙賣(取捨版)
4958,2024-04-22,2024-04-23,空頭,104.24,104.7,土洋雙賣(方案B借用),-0.16,-44.84,1,1,疊加土洋雙賣(取捨版)
2492,2024-04-22,2024-04-25,空頭,102.66,101.84,土洋雙賣(方案B借用),-1.4,-1262.43,3,3,疊加土洋雙賣(取捨版)
2395,2024-04-22,2024-05-02,空頭,345.21,332.66,土洋雙賣(方案B借用),-4.21,-4368.09,10,2,疊加土洋雙賣(取捨版)
3532,2024-04-29,2024-05-13,多頭,171.55,154.06,防線B(破支撐),-10.73,-32912.41,14,3,疊加土洋雙賣(取捨版)
5347,2024-03-18,2024-05-31,多頭,75.74,97.04,保本停利(直接出清),27.36,99036.76,74,3,疊加土洋雙賣(取捨版)
8996,2024-04-29,2024-05-31,多頭,385.98,489.83,保本停利(直接出清),26.14,67231.57,32,3,疊加土洋雙賣(取捨版)
2317,2024-05-06,2024-05-31,多頭,153.03,157.14,土洋雙賣(方案B借用),2.07,2059.13,25,3,疊加土洋雙賣(取捨版)
2301,2024-04-22,2024-06-11,空頭,91.15,96.43,高點打折鎖利,5.16,6048.19,50,3,疊加土洋雙賣(取捨版)
8210,2024-05-13,2024-06-19,多頭,285.02,282.63,高點打折鎖利,-1.43,-3925.25,37,3,疊加土洋雙賣(取捨版)
3013,2024-06-03,2024-07-18,多頭,93.65,124.47,保本停利(直接出清),32.12,68277.16,45,3,疊加土洋雙賣(取捨版)
1560,2024-06-03,2024-07-18,多頭,281.69,321.75,土洋雙賣(方案B借用),13.54,34094.93,45,3,疊加土洋雙賣(取捨版)
2368,2024-06-24,2024-07-18,多頭,195.08,208.74,土洋雙賣(方案B借用),6.36,17158.6,24,3,疊加土洋雙賣(取捨版)
3443,2024-04-29,2024-07-19,多頭,1321.21,1412.52,高點打折鎖利,6.27,16677.93,81,3,疊加土洋雙賣(取捨版)
3529,2024-06-17,2024-07-19,多頭,2659.64,2412.12,高點打折鎖利,-9.85,-12122.67,32,3,疊加土洋雙賣(取捨版)
6214,2024-04-22,2024-07-26,空頭,107.05,111.69,土洋雙賣(方案B借用),3.71,6324.95,95,3,疊加土洋雙賣(取捨版)
2395,2024-07-22,2024-07-26,空頭,355.11,334.11,防線B(破支撐),-6.48,-8126.67,4,2,疊加土洋雙賣(取捨版)
5483,2024-06-03,2024-07-29,多頭,193.44,180.71,高點打折鎖利,-7.14,-30151.8,56,3,疊加土洋雙賣(取捨版)
3131,2024-07-22,2024-07-29,空頭,1445.76,1402.08,土洋雙賣(方案B借用),-3.6,-2071.17,7,3,疊加土洋雙賣(取捨版)
6830,2024-07-22,2024-07-30,空頭,141.63,136.13,土洋雙賣(方案B借用),-4.46,-6671.08,8,3,疊加土洋雙賣(取捨版)
2359,2024-07-22,2024-07-30,空頭,160.75,146.81,防線B(破支撐),-9.22,-6517.74,8,3,疊加土洋雙賣(取捨版)
6515,2024-07-29,2024-08-02,空頭,1008.4,923.99,土洋雙賣(方案B借用),-8.92,-18371.61,4,3,疊加土洋雙賣(取捨版)
6183,2024-07-22,2024-08-05,空頭,70.51,67.96,防線B(破支撐),-4.19,-21486.24,14,3,疊加土洋雙賣(取捨版)
2404,2024-07-29,2024-08-05,空頭,313.68,287.35,防線B(破支撐),-8.94,-32312.31,7,3,疊加土洋雙賣(取捨版)
3374,2024-07-29,2024-08-05,空頭,218.94,197.22,高點打折鎖利,-10.46,-16865.5,7,3,疊加土洋雙賣(取捨版)
2308,2024-07-29,2024-08-05,空頭,395.3,343.07,防線B(破支撐),-13.73,-37224.83,7,3,疊加土洋雙賣(取捨版)
6187,2024-08-12,2024-08-15,空頭,296.7,341.42,保本停利(直接出清),14.38,14324.87,3,3,疊加土洋雙賣(取捨版)
5347,2024-08-12,2024-08-15,空頭,111.75,109.33,土洋雙賣(方案B借用),-2.76,-4143.73,3,3,疊加土洋雙賣(取捨版)
3583,2024-08-12,2024-09-02,空頭,411.78,393.23,高點打折鎖利,-5.07,-4776.22,21,3,疊加土洋雙賣(取捨版)
1609,2024-08-12,2024-09-05,空頭,50.66,45.69,土洋雙賣(方案B借用),-10.34,-15656.97,24,3,疊加土洋雙賣(取捨版)
3380,2024-09-02,2024-09-05,多頭,34.13,31.9,土洋雙賣(方案B借用),-7.1,-6339.99,3,3,疊加土洋雙賣(取捨版)
3529,2024-08-19,2024-09-06,多頭,2559.8,2269.36,高點打折鎖利,-11.88,-60520.41,18,3,疊加土洋雙賣(取捨版)
3587,2024-08-12,2024-09-12,空頭,264.52,252.27,土洋雙賣(方案B借用),-5.2,-7393.53,31,3,疊加土洋雙賣(取捨版)
6515,2024-09-09,2024-09-18,空頭,1195.14,1343.63,土洋雙賣(方案B借用),11.75,20567.42,9,3,疊加土洋雙賣(取捨版)
8996,2024-09-09,2024-10-07,空頭,376.13,344.35,高點打折鎖利,-9.0,-22137.2,28,3,疊加土洋雙賣(取捨版)
6187,2024-09-16,2024-10-09,多頭,454.58,475.77,保本停利(防守線回落),4.03,5435.06,23,3,疊加土洋雙賣(取捨版)
3363,2024-10-07,2024-10-28,多頭,213.5,211.0,高點打折鎖利,-1.76,-3945.82,21,3,疊加土洋雙賣(取捨版)
6442,2024-10-14,2024-10-28,多頭,451.74,441.53,高點打折鎖利,-2.85,-3987.1,14,3,疊加土洋雙賣(取捨版)
2303,2024-08-12,2024-10-29,空頭,50.91,44.7,防線B(破支撐),-12.73,-28036.59,78,3,疊加土洋雙賣(取捨版)
3289,2024-08-19,2024-10-29,多頭,141.07,176.57,保本停利(直接出清),24.42,101513.76,71,3,疊加土洋雙賣(取捨版)
6438,2024-09-09,2024-10-29,空頭,112.42,192.39,保本停利(直接出清),70.11,172783.8,50,3,疊加土洋雙賣(取捨版)
3583,2024-09-23,2024-10-30,多頭,443.12,442.14,土洋雙賣(方案B借用),-0.82,-1599.19,37,3,疊加土洋雙賣(取捨版)
3231,2024-08-12,2024-11-13,空頭,95.84,112.86,保本停利(直接出清),17.06,24241.16,93,3,疊加土洋雙賣(取捨版)
3661,2024-11-04,2024-11-14,空頭,2159.54,2283.37,土洋雙賣(方案B借用),5.1,2520.59,10,1,疊加土洋雙賣(取捨版)
2317,2024-11-04,2024-11-14,空頭,200.53,198.19,土洋雙賣(方案B借用),-1.76,-1223.65,10,1,疊加土洋雙賣(取捨版)
2412,2024-04-22,2024-11-15,空頭,111.43,113.55,土洋雙賣(方案B借用),1.29,4591.44,207,3,疊加土洋雙賣(取捨版)
2382,2024-11-04,2024-11-15,空頭,286.97,271.87,土洋雙賣(方案B借用),-5.83,-3601.08,11,1,疊加土洋雙賣(取捨版)
2356,2024-11-04,2024-11-15,空頭,42.79,45.86,土洋雙賣(方案B借用),6.54,5840.17,11,1,疊加土洋雙賣(取捨版)
3037,2024-10-28,2024-11-18,多頭,163.65,156.75,土洋雙賣(方案B借用),-4.79,-17057.7,21,3,疊加土洋雙賣(取捨版)
3706,2024-11-18,2024-11-22,空頭,63.75,74.63,保本停利(直接出清),16.37,16733.59,4,3,疊加土洋雙賣(取捨版)
8114,2024-11-18,2024-11-25,空頭,249.35,288.49,保本停利(直接出清),15.0,15605.24,7,3,疊加土洋雙賣(取捨版)
6202,2024-11-18,2024-11-29,空頭,52.95,50.6,土洋雙賣(方案B借用),-5.0,-6348.71,11,3,疊加土洋雙賣(取捨版)
5483,2024-11-18,2024-11-29,空頭,150.45,142.25,土洋雙賣(方案B借用),-6.02,-10389.41,11,3,疊加土洋雙賣(取捨版)
3706,2024-11-25,2024-11-29,空頭,75.64,75.53,土洋雙賣(方案B借用),-0.74,-3367.65,4,3,疊加土洋雙賣(取捨版)
6442,2024-11-04,2024-12-02,空頭,509.83,482.86,土洋雙賣(方案B借用),-5.86,-5834.92,28,3,疊加土洋雙賣(取捨版)
2345,2024-11-18,2024-12-02,空頭,596.5,689.45,保本停利(直接出清),14.89,18047.46,14,3,疊加土洋雙賣(取捨版)
4979,2024-11-25,2024-12-11,空頭,166.43,183.01,高點打折鎖利,9.3,50775.77,16,3,疊加土洋雙賣(取捨版)
3034,2024-11-18,2024-12-16,空頭,443.27,433.72,防線B(破支撐),-2.74,-5698.72,28,3,疊加土洋雙賣(取捨版)
2404,2024-11-18,2024-12-20,空頭,367.3,429.4,保本停利(直接出清),16.21,26739.52,32,3,疊加土洋雙賣(取捨版)
2383,2024-12-02,2024-12-20,空頭,497.47,588.28,保本停利(直接出清),17.55,9031.94,18,1,疊加土洋雙賣(取捨版)
2454,2024-12-02,2024-12-20,空頭,1227.12,1302.06,土洋雙賣(方案B借用),5.47,3726.42,18,1,疊加土洋雙賣(取捨版)
3324,2024-12-02,2024-12-31,空頭,688.1,654.96,土洋雙賣(方案B借用),-5.39,-2598.87,29,1,疊加土洋雙賣(取捨版)
3017,2024-12-02,2024-12-31,空頭,672.12,617.59,土洋雙賣(方案B借用),-8.66,-4320.48,29,1,疊加土洋雙賣(取捨版)
2330,2024-12-23,2024-12-31,多頭,1056.37,1051.48,土洋雙賣(方案B借用),-1.06,-3655.98,8,3,疊加土洋雙賣(取捨版)
3661,2024-12-16,2025-01-02,多頭,2991.66,3070.91,土洋雙賣(方案B借用),2.03,7166.78,17,3,疊加土洋雙賣(取捨版)
2308,2024-12-16,2025-01-09,多頭,416.38,408.07,土洋雙賣(方案B借用),-2.58,-16705.71,24,3,疊加土洋雙賣(取捨版)
2376,2024-12-23,2025-01-09,多頭,257.67,257.2,土洋雙賣(方案B借用),-0.78,-2265.55,17,3,疊加土洋雙賣(取捨版)
8046,2025-01-06,2025-01-10,多頭,137.49,126.12,土洋雙賣(方案B借用),-8.82,-15713.94,4,3,疊加土洋雙賣(取捨版)
2330,2025-01-06,2025-01-10,多頭,1100.38,1075.93,土洋雙賣(方案B借用),-2.81,-2519.06,4,3,疊加土洋雙賣(取捨版)
6412,2025-01-13,2025-01-14,空頭,117.4,114.2,土洋雙賣(方案B借用),-3.31,-2560.72,1,1,疊加土洋雙賣(取捨版)
3044,2024-12-02,2025-01-15,空頭,183.63,180.15,土洋雙賣(方案B借用),-2.48,-6802.63,44,3,疊加土洋雙賣(取捨版)
3005,2025-01-13,2025-01-15,空頭,102.32,102.1,土洋雙賣(方案B借用),-0.81,-1414.21,2,2,疊加土洋雙賣(取捨版)
5269,2025-01-06,2025-01-16,多頭,1969.32,1964.55,土洋雙賣(方案B借用),-0.84,-1558.63,10,3,疊加土洋雙賣(取捨版)
6830,2025-01-13,2025-02-03,空頭,164.73,155.42,土洋雙賣(方案B借用),-6.22,-9506.17,21,3,疊加土洋雙賣(取捨版)
3529,2025-01-20,2025-02-03,多頭,3396.66,3056.99,土洋雙賣(方案B借用),-10.54,-26360.93,14,3,疊加土洋雙賣(取捨版)
4979,2025-01-20,2025-02-03,多頭,197.8,228.88,保本停利(直接出清),15.02,27177.65,14,3,疊加土洋雙賣(取捨版)
3081,2025-01-20,2025-02-04,多頭,446.77,407.34,土洋雙賣(方案B借用),-9.37,-23717.62,15,3,疊加土洋雙賣(取捨版)
3231,2025-01-20,2025-02-04,多頭,104.94,92.34,土洋雙賣(方案B借用),-12.53,-39489.17,15,3,疊加土洋雙賣(取捨版)
3005,2025-02-03,2025-02-04,空頭,107.49,107.49,土洋雙賣(方案B借用),-0.6,-710.03,1,1,疊加土洋雙賣(取捨版)
4979,2025-02-03,2025-02-18,空頭,228.88,214.58,高點打折鎖利,-6.81,-4704.17,15,1,疊加土洋雙賣(取捨版)
6206,2025-01-13,2025-02-25,空頭,83.01,150.47,保本停利(直接出清),80.18,239476.08,43,3,疊加土洋雙賣(取捨版)
2383,2025-02-10,2025-02-25,多頭,604.07,568.54,土洋雙賣(方案B借用),-6.45,-15766.5,15,3,疊加土洋雙賣(取捨版)
3661,2025-02-10,2025-02-25,多頭,3447.35,3273.99,土洋雙賣(方案B借用),-5.6,-9573.22,15,3,疊加土洋雙賣(取捨版)
6139,2025-01-06,2025-02-27,多頭,226.19,263.73,土洋雙賣(方案B借用),15.9,42290.26,52,3,疊加土洋雙賣(取捨版)
2454,2025-02-03,2025-02-27,空頭,1450.29,1448.84,土洋雙賣(方案B借用),-0.7,-2604.26,24,3,疊加土洋雙賣(取捨版)
3324,2025-03-03,2025-03-05,空頭,653.98,644.24,土洋雙賣(方案B借用),-2.08,-1169.48,2,1,疊加土洋雙賣(取捨版)
3034,2024-12-23,2025-03-07,多頭,453.68,493.6,土洋雙賣(方案B借用),8.15,29544.29,74,3,疊加土洋雙賣(取捨版)
1519,2025-02-24,2025-03-11,多頭,528.94,449.72,土洋雙賣(方案B借用),-15.49,-9967.51,15,3,疊加土洋雙賣(取捨版)
2059,2025-03-03,2025-03-11,空頭,1980.56,1849.52,土洋雙賣(方案B借用),-7.18,-6095.91,8,2,疊加土洋雙賣(取捨版)
5434,2025-02-10,2025-03-14,多頭,272.98,264.11,土洋雙賣(方案B借用),-3.83,-20475.31,32,3,疊加土洋雙賣(取捨版)
6257,2025-03-03,2025-03-17,空頭,75.81,72.33,土洋雙賣(方案B借用),-5.16,-12559.11,14,3,疊加土洋雙賣(取捨版)
2368,2025-03-17,2025-03-19,空頭,215.53,209.71,土洋雙賣(方案B借用),-3.28,-3883.24,2,2,疊加土洋雙賣(取捨版)
2308,2025-03-17,2025-03-25,空頭,385.45,383.15,土洋雙賣(方案B借用),-1.19,-3422.93,8,3,疊加土洋雙賣(取捨版)
6274,2025-03-24,2025-03-25,空頭,166.94,163.63,土洋雙賣(方案B借用),-2.57,-1271.45,1,1,疊加土洋雙賣(取捨版)
2359,2025-03-03,2025-03-31,空頭,150.28,134.0,高點打折鎖利,-11.36,-16350.88,28,3,疊加土洋雙賣(取捨版)
8299,2025-03-10,2025-03-31,空頭,557.71,506.95,高點打折鎖利,-9.65,-28426.64,21,3,疊加土洋雙賣(取捨版)
6415,2025-03-17,2025-03-31,空頭,439.42,374.22,防線B(破支撐),-15.35,-29933.52,14,3,疊加土洋雙賣(取捨版)
6282,2025-03-17,2025-03-31,空頭,30.75,28.41,防線B(破支撐),-8.16,-26183.67,14,3,疊加土洋雙賣(取捨版)
3044,2025-03-03,2025-04-01,空頭,196.48,188.08,土洋雙賣(方案B借用),-4.85,-13740.77,29,3,疊加土洋雙賣(取捨版)
2303,2025-03-10,2025-04-09,空頭,41.46,36.85,防線B(破支撐),-11.65,-82145.6,30,3,疊加土洋雙賣(取捨版)
2404,2025-03-31,2025-04-14,空頭,425.86,403.32,土洋雙賣(方案B借用),-5.86,-58595.34,14,3,疊加土洋雙賣(取捨版)
2303,2025-04-14,2025-04-17,空頭,41.26,40.73,土洋雙賣(方案B借用),-1.88,-3406.79,3,3,疊加土洋雙賣(取捨版)
6214,2025-04-14,2025-04-17,空頭,105.58,106.22,土洋雙賣(方案B借用),0.01,10.55,3,3,疊加土洋雙賣(取捨版)
2454,2025-04-14,2025-04-21,空頭,1331.65,1286.27,土洋雙賣(方案B借用),-3.99,-3497.84,7,2,疊加土洋雙賣(取捨版)
3324,2025-04-14,2025-04-21,空頭,479.32,442.97,土洋雙賣(方案B借用),-8.14,-8010.23,7,3,疊加土洋雙賣(取捨版)
3529,2025-04-21,2025-05-23,空頭,2380.48,2264.44,高點打折鎖利,-5.44,-13018.44,32,3,疊加土洋雙賣(取捨版)
3231,2025-04-14,2025-06-02,空頭,93.07,107.27,保本停利(直接出清),14.56,18018.89,49,3,疊加土洋雙賣(取捨版)
2376,2025-04-14,2025-06-02,空頭,200.52,247.43,土洋雙賣(方案B借用),22.66,27043.36,49,3,疊加土洋雙賣(取捨版)
2382,2025-04-21,2025-06-02,空頭,213.73,248.07,保本停利(直接出清),15.37,23930.5,42,2,疊加土洋雙賣(取捨版)
2317,2025-04-21,2025-06-02,空頭,128.6,142.9,土洋雙賣(方案B借用),10.45,27105.22,42,3,疊加土洋雙賣(取捨版)
2404,2025-04-21,2025-06-02,空頭,429.57,515.09,保本停利(直接出清),19.19,46368.96,42,3,疊加土洋雙賣(取捨版)
2337,2025-04-14,2025-06-23,空頭,19.39,21.35,土洋雙賣(方案B借用),9.44,9054.97,70,3,疊加土洋雙賣(取捨版)
3131,2025-05-26,2025-06-23,多頭,1161.15,1524.0,保本停利(直接出清),30.46,304042.31,28,3,疊加土洋雙賣(取捨版)
6274,2025-06-02,2025-06-23,空頭,179.07,212.3,保本停利(直接出清),17.85,22579.24,21,2,疊加土洋雙賣(取捨版)
6206,2025-04-14,2025-07-29,空頭,103.27,109.75,高點打折鎖利,5.64,5595.27,106,3,疊加土洋雙賣(取捨版)
3653,2025-06-02,2025-08-04,空頭,1330.26,1291.98,高點打折鎖利,-3.46,-3164.19,63,2,疊加土洋雙賣(取捨版)
2404,2025-06-02,2025-08-20,空頭,536.06,1002.78,保本停利(直接出清),85.95,169769.03,79,3,疊加土洋雙賣(取捨版)
2368,2025-06-02,2025-08-20,空頭,256.98,440.38,保本停利(直接出清),70.35,131780.81,79,3,疊加土洋雙賣(取捨版)
3017,2025-06-02,2025-08-20,空頭,638.07,1005.0,保本停利(直接出清),56.56,85377.92,79,2,疊加土洋雙賣(取捨版)
6139,2025-06-23,2025-08-20,空頭,310.89,306.08,土洋雙賣(方案B借用),-2.14,-1971.87,58,1,疊加土洋雙賣(取捨版)
6223,2025-06-23,2025-08-20,空頭,880.5,1116.19,保本停利(直接出清),26.01,23965.14,58,1,疊加土洋雙賣(取捨版)
3231,2025-06-23,2025-08-20,空頭,114.31,109.49,土洋雙賣(方案B借用),-4.79,-5539.05,58,1,疊加土洋雙賣(取捨版)
2308,2025-08-04,2025-09-01,多頭,589.92,684.42,保本停利(直接出清),15.33,94597.03,28,3,疊加土洋雙賣(取捨版)
3653,2025-08-25,2025-09-01,多頭,1778.95,2191.39,保本停利(直接出清),22.45,27510.42,7,3,疊加土洋雙賣(取捨版)
2449,2025-08-25,2025-09-01,多頭,128.56,150.38,保本停利(直接出清),16.27,23333.31,7,3,疊加土洋雙賣(取捨版)
6274,2025-09-01,2025-09-02,空頭,338.29,324.41,土洋雙賣(方案B借用),-4.68,-3172.67,1,1,疊加土洋雙賣(取捨版)
2404,2025-08-25,2025-09-03,多頭,1085.14,1027.0,高點打折鎖利,-5.92,-8333.33,9,3,疊加土洋雙賣(取捨版)
3706,2025-08-25,2025-09-04,多頭,88.75,83.5,高點打折鎖利,-6.47,-9218.68,10,3,疊加土洋雙賣(取捨版)
3363,2025-09-08,2025-10-14,多頭,382.0,342.5,高點打折鎖利,-10.88,-31509.27,36,3,疊加土洋雙賣(取捨版)
8086,2025-08-04,2025-10-17,多頭,101.93,103.0,保本停利(防守線回落),0.44,1688.58,74,3,疊加土洋雙賣(取捨版)
3443,2025-08-25,2025-10-30,多頭,1294.1,1433.47,高點打折鎖利,10.11,19646.16,66,3,疊加土洋雙賣(取捨版)
2317,2025-08-25,2025-11-07,多頭,201.5,236.94,保本停利(直接出清),16.89,43174.76,74,3,疊加土洋雙賣(取捨版)
6515,2025-09-01,2025-11-07,空頭,1527.86,2362.53,保本停利(直接出清),53.71,189891.75,67,3,疊加土洋雙賣(取捨版)
2360,2025-09-01,2025-11-07,空頭,554.31,734.79,土洋雙賣(方案B借用),31.77,39995.65,67,1,疊加土洋雙賣(取捨版)
6223,2025-09-08,2025-11-07,多頭,1519.81,2062.95,保本停利(直接出清),34.93,108034.94,60,3,疊加土洋雙賣(取捨版)
6139,2025-09-08,2025-11-07,多頭,366.5,474.0,土洋雙賣(方案B借用),28.56,114333.98,60,3,疊加土洋雙賣(取捨版)
2313,2025-10-20,2025-11-07,多頭,85.75,81.88,土洋雙賣(方案B借用),-5.07,-23992.19,18,3,疊加土洋雙賣(取捨版)
1519,2025-11-03,2025-11-07,多頭,702.42,666.67,土洋雙賣(方案B借用),-5.66,-37092.62,4,3,疊加土洋雙賣(取捨版)
3013,2025-10-20,2025-11-14,多頭,131.47,127.98,土洋雙賣(方案B借用),-3.23,-17049.62,25,3,疊加土洋雙賣(取捨版)
6442,2025-11-10,2025-11-17,多頭,926.0,1080.67,保本停利(直接出清),16.0,14546.43,7,3,疊加土洋雙賣(取捨版)
8210,2025-11-10,2025-11-18,多頭,1004.28,923.14,高點打折鎖利,-8.63,-8907.37,8,3,疊加土洋雙賣(取捨版)
2412,2025-11-10,2025-11-18,多頭,128.04,126.12,土洋雙賣(方案B借用),-2.09,-8945.6,8,3,疊加土洋雙賣(取捨版)
8299,2025-11-10,2025-11-19,多頭,1253.81,1105.72,高點打折鎖利,-12.34,-9494.99,9,3,疊加土洋雙賣(取捨版)
2368,2025-11-10,2025-11-20,多頭,478.61,569.97,保本停利(直接出清),18.37,17634.86,10,3,疊加土洋雙賣(取捨版)
6669,2025-11-10,2025-11-21,多頭,4174.11,3979.74,高點打折鎖利,-5.23,-6192.09,11,3,疊加土洋雙賣(取捨版)
3443,2025-11-10,2025-11-25,多頭,1881.43,2165.14,保本停利(直接出清),14.39,12420.58,15,3,疊加土洋雙賣(取捨版)
6442,2025-11-17,2025-11-25,空頭,1067.81,1298.78,保本停利(直接出清),20.9,103953.45,8,3,疊加土洋雙賣(取捨版)
6510,2025-11-24,2025-12-16,空頭,1727.59,2342.37,保本停利(直接出清),34.77,52131.86,22,3,疊加土洋雙賣(取捨版)
1560,2025-11-24,2025-12-16,空頭,309.88,367.54,保本停利(直接出清),17.9,47393.33,22,3,疊加土洋雙賣(取捨版)
3131,2025-11-24,2025-12-17,空頭,1406.5,1355.06,土洋雙賣(方案B借用),-4.23,-7126.19,23,3,疊加土洋雙賣(取捨版)
2356,2025-12-01,2025-12-17,空頭,42.67,41.02,土洋雙賣(方案B借用),-4.43,-7233.46,16,1,疊加土洋雙賣(取捨版)
5434,2025-11-24,2025-12-18,空頭,288.88,284.95,土洋雙賣(方案B借用),-1.95,-5427.74,24,3,疊加土洋雙賣(取捨版)
6223,2025-11-24,2026-01-08,空頭,2029.12,2112.78,保本停利(防守線回落),3.5,4814.06,45,3,疊加土洋雙賣(取捨版)
4991,2025-12-22,2026-01-14,多頭,211.5,200.5,高點打折鎖利,-5.77,-12662.96,23,3,疊加土洋雙賣(取捨版)
3324,2025-12-22,2026-01-21,多頭,979.77,889.8,高點打折鎖利,-9.73,-26602.11,30,3,疊加土洋雙賣(取捨版)
6770,2025-12-22,2026-01-23,多頭,40.45,58.5,高點打折鎖利,43.76,78966.95,32,3,疊加土洋雙賣(取捨版)
3105,2025-12-22,2026-02-02,多頭,190.2,220.57,高點打折鎖利,15.27,22856.46,42,3,疊加土洋雙賣(取捨版)
8299,2026-01-26,2026-02-03,多頭,2059.96,1975.57,高點打折鎖利,-4.67,-21472.07,8,3,疊加土洋雙賣(取捨版)
2337,2026-01-12,2026-02-06,多頭,61.2,80.8,高點打折鎖利,31.24,312363.6,25,3,疊加土洋雙賣(取捨版)
6415,2026-02-02,2026-03-03,多頭,286.98,251.3,高點打折鎖利,-12.96,-22353.21,29,3,疊加土洋雙賣(取捨版)
2383,2025-11-17,2026-03-04,空頭,1443.94,2190.0,保本停利(直接出清),50.76,254165.27,107,3,疊加土洋雙賣(取捨版)
2454,2025-12-01,2026-03-04,空頭,1393.91,1709.78,保本停利(直接出清),21.93,99844.05,93,3,疊加土洋雙賣(取捨版)
2313,2025-12-22,2026-03-04,多頭,95.55,208.92,保本停利(直接出清),117.34,207521.33,72,3,疊加土洋雙賣(取捨版)
8046,2026-01-19,2026-03-04,多頭,317.33,449.06,高點打折鎖利,40.66,391854.74,44,3,疊加土洋雙賣(取捨版)
3533,2026-01-26,2026-03-04,多頭,1454.21,1468.95,高點打折鎖利,0.41,186.45,37,3,疊加土洋雙賣(取捨版)
8996,2026-02-09,2026-03-04,多頭,878.24,744.96,高點打折鎖利,-15.68,-77487.31,23,3,疊加土洋雙賣(取捨版)
2368,2026-02-09,2026-03-04,多頭,791.4,704.02,高點打折鎖利,-11.57,-58552.29,23,3,疊加土洋雙賣(取捨版)
6515,2026-03-09,2026-03-13,空頭,5177.5,6238.87,保本停利(直接出清),19.78,9337.67,4,2,疊加土洋雙賣(取捨版)
3653,2026-03-09,2026-03-13,空頭,3309.52,3224.98,土洋雙賣(方案B借用),-3.14,-1513.33,4,2,疊加土洋雙賣(取捨版)
2368,2026-03-09,2026-03-13,空頭,782.47,928.43,保本停利(直接出清),17.94,8375.37,4,2,疊加土洋雙賣(取捨版)
3034,2026-03-09,2026-03-16,空頭,367.91,362.44,土洋雙賣(方案B借用),-2.08,-3907.33,7,3,疊加土洋雙賣(取捨版)
2357,2026-03-09,2026-03-19,空頭,515.25,543.32,土洋雙賣(方案B借用),4.82,7819.38,10,3,疊加土洋雙賣(取捨版)
2458,2026-03-09,2026-03-19,空頭,131.57,132.03,土洋雙賣(方案B借用),-0.25,-383.47,10,3,疊加土洋雙賣(取捨版)
6223,2026-03-16,2026-03-19,空頭,3552.86,3652.52,土洋雙賣(方案B借用),2.19,1649.52,3,1,疊加土洋雙賣(取捨版)
2313,2026-03-16,2026-03-19,空頭,218.82,221.29,土洋雙賣(方案B借用),0.53,263.38,3,1,疊加土洋雙賣(取捨版)
2376,2026-03-16,2026-03-19,空頭,228.07,238.67,土洋雙賣(方案B借用),4.03,4959.2,3,1,疊加土洋雙賣(取捨版)
3163,2026-03-16,2026-03-23,空頭,787.38,696.79,高點打折鎖利,-12.03,-20569.74,7,3,疊加土洋雙賣(取捨版)
2324,2026-03-09,2026-03-24,空頭,30.68,30.59,土洋雙賣(方案B借用),-0.88,-1280.53,15,3,疊加土洋雙賣(取捨版)
6223,2026-03-23,2026-03-26,空頭,3719.71,3642.55,土洋雙賣(方案B借用),-2.66,-2841.98,3,2,疊加土洋雙賣(取捨版)
6187,2026-03-23,2026-03-31,空頭,877.33,799.83,高點打折鎖利,-9.38,-14337.72,8,3,疊加土洋雙賣(取捨版)
4991,2026-03-23,2026-04-24,空頭,408.28,596.0,高點打折鎖利,45.1,53649.74,32,3,疊加土洋雙賣(取捨版)
3583,2026-03-23,2026-04-27,空頭,459.42,729.22,高點打折鎖利,57.78,110332.55,35,3,疊加土洋雙賣(取捨版)
8996,2026-04-13,2026-05-07,多頭,1095.0,1075.0,高點打折鎖利,-2.41,-24089.6,24,3,疊加土洋雙賣(取捨版)
8046,2026-03-30,2026-05-08,空頭,572.16,852.21,高點打折鎖利,48.06,213776.13,39,3,疊加土洋雙賣(取捨版)
3533,2026-03-23,2026-05-14,空頭,2104.56,2407.31,高點打折鎖利,13.7,22619.61,52,3,疊加土洋雙賣(取捨版)
3443,2026-03-23,2026-05-15,空頭,2578.25,4823.03,高點打折鎖利,85.95,49758.16,53,1,疊加土洋雙賣(取捨版)
2454,2026-04-27,2026-05-15,多頭,2420.54,3240.64,高點打折鎖利,33.08,168176.47,18,3,疊加土洋雙賣(取捨版)
2395,2026-03-09,2026-05-19,空頭,336.08,451.78,保本停利(直接出清),33.62,38152.81,71,3,疊加土洋雙賣(取捨版)
4958,2026-03-30,2026-05-19,空頭,224.96,405.73,保本停利(直接出清),79.27,132028.77,50,1,疊加土洋雙賣(取捨版)
2313,2026-05-18,2026-05-28,多頭,256.44,256.44,高點打折鎖利,-0.6,-1765.79,10,3,疊加土洋雙賣(取捨版)
2383,2026-04-27,2026-06-02,多頭,4730.0,4860.0,保本停利(防守線回落),2.13,10447.29,36,3,疊加土洋雙賣(取捨版)
6488,2026-05-11,2026-06-04,多頭,831.78,866.65,高點打折鎖利,3.57,16077.03,24,3,疊加土洋雙賣(取捨版)
2492,2026-05-25,2026-06-04,多頭,319.8,389.93,高點打折鎖利,21.2,118589.67,10,3,疊加土洋雙賣(取捨版)
3231,2026-06-01,2026-06-08,多頭,167.84,157.72,高點打折鎖利,-6.6,-65965.87,7,3,疊加土洋雙賣(取捨版)
2059,2026-05-11,2026-06-10,多頭,5520.0,6370.0,保本停利(直接出清),14.71,80653.94,30,3,疊加土洋雙賣(取捨版)
3189,2026-05-18,2026-06-10,多頭,504.14,658.87,高點打折鎖利,29.91,79341.4,23,3,疊加土洋雙賣(取捨版)
4958,2026-06-08,2026-06-10,多頭,512.0,502.0,土洋雙賣(方案B借用),-2.54,-6098.18,2,3,疊加土洋雙賣(取捨版)
6139,2026-05-18,2026-06-11,多頭,721.0,732.0,土洋雙賣(方案B借用),0.92,4036.62,24,3,疊加土洋雙賣(取捨版)
6274,2026-05-25,2026-06-11,多頭,1600.0,1475.0,高點打折鎖利,-8.36,-36777.53,17,3,疊加土洋雙賣(取捨版)
8996,2026-06-08,2026-06-11,多頭,1210.0,1140.0,高點打折鎖利,-6.35,-15000.37,3,3,疊加土洋雙賣(取捨版)
3653,2026-06-08,2026-06-25,多頭,3796.43,3369.08,高點打折鎖利,-11.79,-28599.07,17,3,疊加土洋雙賣(取捨版)
6510,2026-06-08,2026-06-26,多頭,3545.88,3232.57,土洋雙賣(方案B借用),-9.38,-26217.85,18,3,疊加土洋雙賣(取捨版)
2492,2026-06-15,2026-06-26,多頭,447.13,537.15,保本停利(直接出清),19.41,24459.97,11,3,疊加土洋雙賣(取捨版)
8996,2026-06-15,2026-06-26,多頭,1255.0,1370.0,高點打折鎖利,8.51,12684.9,11,3,疊加土洋雙賣(取捨版)
2454,2026-06-15,2026-06-26,多頭,4443.45,3856.96,土洋雙賣(方案B借用),-13.72,-22190.78,11,3,疊加土洋雙賣(取捨版)
5347,2026-06-15,2026-06-26,多頭,170.47,197.33,保本停利(直接出清),15.07,32681.1,11,3,疊加土洋雙賣(取捨版)
6274,2026-06-15,2026-06-26,多頭,1570.0,1580.0,高點打折鎖利,0.03,45.56,11,3,疊加土洋雙賣(取捨版)
8046,2026-06-29,2026-07-07,空頭,1080.0,1030.0,高點打折鎖利,-5.2,-1777.98,8,1,疊加土洋雙賣(取捨版)
3131,2026-06-29,2026-07-07,空頭,3495.66,3127.44,高點打折鎖利,-11.07,-4044.39,8,1,疊加土洋雙賣(取捨版)
2404,2026-06-15,2026-07-08,多頭,1337.04,1162.65,高點打折鎖利,-13.56,-29100.29,23,3,疊加土洋雙賣(取捨版)
1560,2026-06-29,2026-07-08,空頭,733.08,693.35,土洋雙賣(方案B借用),-5.99,-2521.17,9,1,疊加土洋雙賣(取捨版)
3227,2026-06-29,2026-07-13,空頭,222.95,201.0,土洋雙賣(方案B借用),-10.38,-5885.63,14,1,疊加土洋雙賣(取捨版)
6139,2026-06-29,2026-07-14,空頭,917.59,834.0,高點打折鎖利,-9.65,-7236.94,15,2,疊加土洋雙賣(取捨版)
6182,2026-07-13,2026-07-14,空頭,189.5,186.5,土洋雙賣(方案B借用),-2.17,-1091.24,1,1,疊加土洋雙賣(取捨版)
2458,2026-06-29,2026-07-15,空頭,184.74,178.5,土洋雙賣(方案B借用),-3.96,-5063.94,16,3,疊加土洋雙賣(取捨版)
4958,2026-07-13,2026-07-16,空頭,629.49,578.0,土洋雙賣(方案B借用),-8.73,-15719.86,3,3,疊加土洋雙賣(取捨版)
3189,2026-07-13,2026-07-16,空頭,824.85,770.0,土洋雙賣(方案B借用),-7.21,-10758.19,3,3,疊加土洋雙賣(取捨版)
5483,2026-07-13,2026-07-17,空頭,252.34,232.98,高點打折鎖利,-8.22,-16962.17,4,3,疊加土洋雙賣(取捨版)
6414,2026-07-20,2026-07-22,空頭,424.29,490.0,保本停利(直接出清),14.8,11779.39,2,2,疊加土洋雙賣(取捨版)
5227,2026-07-20,2026-07-22,空頭,33.72,38.9,保本停利(直接出清),14.66,8475.4,2,2,疊加土洋雙賣(取捨版)
3231,2026-07-20,2026-07-24,空頭,152.99,179.0,保本停利(直接出清),16.3,27718.6,4,3,疊加土洋雙賣(取捨版)
5434,2026-06-29,2026-07-28,空頭,536.03,517.0,高點打折鎖利,-4.13,-7493.2,29,3,疊加土洋雙賣(取捨版)
6533,2026-07-20,2026-07-28,空頭,233.44,204.5,高點打折鎖利,-12.92,-14060.91,8,3,疊加土洋雙賣(取捨版)
6643,2026-07-20,2026-07-29,空頭,423.37,378.0,防線B(破支撐),-11.25,-10445.19,9,3,疊加土洋雙賣(取捨版)
5269,2026-07-13,2026-07-30,空頭,1469.67,1305.0,土洋雙賣(方案B借用),-11.74,-34775.46,17,3,疊加土洋雙賣(取捨版)
2317,2026-07-27,2026-07-30,空頭,253.0,229.5,防線B(破支撐),-9.83,-12052.2,3,1,疊加土洋雙賣(取捨版)
2412,2026-07-20,2026-08-04,空頭,138.8,136.5,土洋雙賣(方案B借用),-2.25,-8962.84,15,3,疊加土洋雙賣(取捨版)
3231,2026-07-27,2026-08-07,空頭,180.18,183.5,期末平倉,1.23,3345.28,11,3,疊加土洋雙賣(取捨版)
3034,2026-07-27,2026-08-07,空頭,518.7,542.0,期末平倉,3.87,12378.38,11,3,疊加土洋雙賣(取捨版)
3653,2026-08-03,2026-08-07,空頭,3948.62,4380.0,期末平倉,10.26,11372.87,4,2,疊加土洋雙賣(取捨版)
3017,2026-08-03,2026-08-07,空頭,2574.76,2785.0,期末平倉,7.52,8391.0,4,2,疊加土洋雙賣(取捨版)
2454,2026-08-03,2026-08-07,空頭,3887.37,3900.0,期末平倉,-0.28,-300.63,4,2,疊加土洋雙賣(取捨版)
2317,2026-08-03,2026-08-07,空頭,251.49,260.0,期末平倉,2.76,4968.71,4,2,疊加土洋雙賣(取捨版)
3037,2026-08-03,2026-08-07,空頭,893.53,955.0,期末平倉,6.24,5490.19,4,2,疊加土洋雙賣(取捨版)
