positions,hold_days,D_calmar_full,E_calmar_full,D_calmar_oos,E_calmar_oos,D_return_full,E_return_full,D_mdd_full,E_mdd_full,D_return_oos,E_return_oos,D_2022,E_2022,D_wins_both
3,5,0.44,0.464,2.032,2.068,239.84,242.65,54.13,51.71,166.9,164.57,-38.79,-24.06,False
3,10,0.45,0.371,1.553,1.931,200.59,193.8,47.06,55.77,116.75,121.24,-19.0,-25.62,False
3,15,0.422,0.336,1.277,1.239,203.53,178.32,50.66,58.23,81.52,90.57,-33.14,-42.17,True
3,20,0.441,0.409,1.865,1.667,244.48,217.88,54.66,54.75,137.4,123.98,-42.46,-47.67,True
3,30,0.586,0.924,2.023,2.054,286.85,358.22,45.43,32.95,169.63,158.56,-37.47,-7.82,False
3,45,0.559,0.706,2.752,1.665,277.05,299.07,46.62,38.69,143.78,123.83,-31.14,-21.64,False
3,60,0.604,0.825,2.772,1.618,296.34,316.55,44.99,34.31,145.02,119.77,-28.36,-17.6,False
3,90,0.575,0.867,2.764,1.618,260.36,329.82,43.58,33.44,144.5,119.77,-27.24,-16.29,False
3,120,0.658,0.784,2.764,1.618,326.51,324.49,43.79,36.61,144.5,119.77,-27.5,-20.88,False
5,5,0.299,0.244,1.082,0.745,132.66,99.83,53.13,52.61,71.14,50.73,-38.57,-30.95,True
5,10,0.404,0.304,0.813,1.257,120.68,107.97,36.68,44.81,54.59,69.91,-19.39,-24.8,False
5,15,0.641,0.612,1.341,1.055,201.22,210.46,33.1,35.75,82.36,50.82,-8.28,-24.24,True
5,20,0.574,0.528,1.923,1.754,245.56,246.22,42.09,45.87,126.52,85.43,-19.65,-34.73,True
5,30,0.893,1.131,1.755,1.886,308.61,284.87,31.2,23.46,125.13,100.58,-12.62,5.83,False
5,45,1.261,1.204,3.591,1.725,438.14,350.21,27.1,24.94,137.16,94.68,-12.33,-3.16,True
5,60,0.895,0.664,3.406,2.036,417.67,300.03,37.14,41.24,138.19,109.48,-25.5,-28.74,True
5,90,0.897,0.64,3.135,2.151,409.59,288.68,36.65,41.78,136.1,114.58,-25.25,-27.51,True
5,120,1.016,0.617,3.135,2.151,428.55,299.09,33.21,44.29,136.1,114.58,-22.42,-30.73,True
8,5,0.219,0.102,0.815,0.573,77.39,35.3,48.08,53.09,45.77,31.66,-39.86,-38.03,True
8,10,0.165,0.245,0.892,1.256,52.65,82.25,46.55,45.08,46.84,60.16,-32.67,-26.01,False
8,15,1.087,0.598,1.163,1.267,280.46,154.12,24.18,29.58,53.79,66.52,-2.06,-9.19,False
8,20,1.253,0.569,2.283,1.998,376.87,219.56,25.02,39.53,111.51,106.44,-3.97,-19.87,True
8,30,0.91,1.143,2.133,2.851,288.23,342.0,29.36,25.92,104.66,155.24,-7.8,-5.36,False
8,45,1.342,1.107,2.07,2.145,428.06,395.54,25.11,29.13,105.4,131.5,-12.24,-12.42,False
8,60,0.86,0.905,2.502,2.571,314.92,353.59,32.8,33.39,109.34,144.43,-22.67,-17.72,False
8,90,1.171,1.219,2.406,2.58,353.52,439.5,25.8,28.07,103.19,145.05,-10.76,-11.14,False
8,120,1.32,1.075,2.406,2.58,410.96,427.09,24.96,31.33,103.19,145.05,-12.7,-15.02,False
10,5,0.158,0.034,0.59,0.211,53.19,9.77,49.07,48.89,31.5,10.76,-41.7,-41.57,True
10,10,0.14,0.175,0.821,1.327,42.59,59.07,45.74,48.36,42.36,59.13,-37.28,-23.72,False
10,15,1.271,0.761,0.864,1.119,344.62,160.14,23.41,23.88,40.17,54.79,-1.46,-5.97,False
10,20,1.232,0.747,2.717,1.889,404.48,228.04,26.51,30.85,140.97,98.84,-6.51,-10.95,True
10,30,0.6,1.251,1.565,2.722,193.92,301.1,34.52,21.95,77.47,132.6,-23.33,-6.68,False
10,45,0.977,0.962,1.797,2.325,265.0,275.98,25.95,27.03,82.57,132.1,-15.18,-11.93,False
10,60,0.845,0.883,2.146,2.815,273.06,298.2,30.58,30.91,88.78,147.0,-20.14,-16.79,False
10,90,0.846,0.909,2.143,2.662,271.84,275.08,30.46,28.57,84.99,137.61,-19.96,-13.78,False
10,120,1.001,0.85,2.143,2.662,365.81,294.41,30.79,31.83,84.99,137.61,-20.36,-17.71,False
