period,positions,hold_days,dimension,variant,plan_map,total_return,mdd,cagr,win_rate,profit_factor,total_trades,sharpe,score_ret_minus_2mdd,return_2021,return_2022,return_2023,return_2024,return_2025,return_2026
訓練期,5,45,基準,全部用E,E,178.33,22.16,29.19,35.22,5.52,301,1.14,134.01,14.18,-3.16,79.01,40.61,0.0,0.0
訓練期,5,45,籌碼主導,外資主導改用A,"外資主導=A,其他=E",137.02,24.35,24.1,38.97,5.35,290,0.93,88.32,17.14,-9.69,87.72,19.35,0.0,0.0
訓練期,5,45,籌碼主導,外資主導改用B,"外資主導=B,其他=E",120.03,34.32,21.81,38.78,4.25,312,0.87,51.39,8.59,-14.21,73.62,36.03,0.0,0.0
訓練期,5,45,籌碼主導,外資主導改用C,"外資主導=C,其他=E",160.24,27.62,27.03,43.57,3.34,280,1.13,105.0,20.12,-13.6,102.64,23.74,0.0,0.0
訓練期,5,45,籌碼主導,外資主導改用D,"外資主導=D,其他=E",147.53,23.56,25.45,37.87,3.55,272,0.96,100.41,18.13,-11.98,39.66,70.45,0.0,0.0
訓練期,5,45,籌碼主導,投信主導改用A,"投信主導=A,其他=E",105.42,32.55,19.73,41.79,6.62,280,0.8,40.32,4.36,-20.13,50.36,63.92,0.0,0.0
訓練期,5,45,籌碼主導,投信主導改用B,"投信主導=B,其他=E",55.59,45.84,11.69,40.86,4.23,301,0.56,-36.09,-15.6,-20.57,68.24,37.95,0.0,0.0
訓練期,5,45,籌碼主導,投信主導改用C,"投信主導=C,其他=E",122.1,48.45,22.09,43.67,5.62,245,0.88,25.2,-10.59,-27.56,116.48,58.4,0.0,0.0
訓練期,5,45,籌碼主導,投信主導改用D,"投信主導=D,其他=E",73.59,50.51,14.8,38.81,3.19,219,0.65,-27.43,-17.98,-26.82,85.85,55.63,0.0,0.0
訓練期,5,45,波動度,低波動改用A,"低波動=A,其他=E",176.64,35.12,28.99,40.14,7.24,289,1.06,106.4,6.72,-16.67,89.92,63.78,0.0,0.0
訓練期,5,45,波動度,低波動改用B,"低波動=B,其他=E",107.57,41.49,20.05,39.29,4.24,308,0.82,24.59,6.49,-27.01,48.96,79.28,0.0,0.0
訓練期,5,45,波動度,低波動改用C,"低波動=C,其他=E",168.26,27.08,28.0,42.28,7.19,272,1.12,114.1,10.06,-12.01,69.19,63.74,0.0,0.0
訓練期,5,45,波動度,低波動改用D,"低波動=D,其他=E",293.8,22.86,40.9,40.15,4.09,274,1.52,248.08,18.26,-3.79,113.63,62.03,0.0,0.0
訓練期,5,45,波動度,高波動改用A,"高波動=A,其他=E",122.16,32.83,22.1,42.38,6.98,269,0.9,56.5,1.97,-19.03,99.97,34.55,0.0,0.0
訓練期,5,45,波動度,高波動改用B,"高波動=B,其他=E",113.63,28.36,20.91,42.77,4.28,311,0.91,56.91,-9.07,-2.74,85.13,30.49,0.0,0.0
訓練期,5,45,波動度,高波動改用C,"高波動=C,其他=E",112.53,40.11,20.76,44.44,5.47,252,0.86,32.31,-4.01,-27.16,97.87,53.62,0.0,0.0
訓練期,5,45,波動度,高波動改用D,"高波動=D,其他=E",104.91,32.74,19.66,39.39,2.97,231,0.76,39.43,11.78,-17.56,41.31,57.37,0.0,0.0
訓練期,5,45,規模,中小型股改用A,"中小型股=A,其他=E",134.33,32.7,23.74,38.55,6.45,275,0.96,68.93,7.7,-14.16,82.14,39.17,0.0,0.0
訓練期,5,45,規模,中小型股改用B,"中小型股=B,其他=E",160.6,29.01,27.08,36.45,5.54,310,1.05,102.58,7.56,-0.47,71.16,42.23,0.0,0.0
訓練期,5,45,規模,中小型股改用C,"中小型股=C,其他=E",204.54,25.89,32.13,40.49,5.51,284,1.2,152.76,25.24,-7.04,106.5,26.66,0.0,0.0
訓練期,5,45,規模,中小型股改用D,"中小型股=D,其他=E",166.65,29.71,27.81,37.06,5.73,286,1.09,107.23,21.1,-16.76,82.56,44.9,0.0,0.0
訓練期,5,45,規模,大型股改用A,"大型股=A,其他=E",124.18,43.43,22.38,43.6,7.26,289,0.88,37.32,9.65,-30.19,118.6,33.98,0.0,0.0
訓練期,5,45,規模,大型股改用B,"大型股=B,其他=E",61.27,50.74,12.7,43.18,4.29,308,0.6,-40.21,-11.36,-30.0,94.94,33.34,0.0,0.0
訓練期,5,45,規模,大型股改用C,"大型股=C,其他=E",121.61,39.15,22.03,45.24,6.59,252,0.92,43.31,2.23,-31.24,74.33,80.86,0.0,0.0
訓練期,5,45,規模,大型股改用D,"大型股=D,其他=E",132.88,30.46,23.55,43.29,3.32,231,0.91,71.96,24.68,-23.34,58.71,53.53,0.0,0.0
樣本外,5,45,基準,全部用E,E,293.94,19.14,121.14,46.43,2.64,168,2.73,255.66,0.0,0.0,0.0,0.0,92.79,104.34
樣本外,5,45,籌碼主導,訓練期選出＝全部E（與基準相同）,外資主導=E，投信主導=E,293.94,19.14,121.14,46.43,2.64,168,2.73,255.66,0.0,0.0,0.0,0.0,92.79,104.34
樣本外,5,45,波動度,依組別選方案,低波動=D，高波動=E,261.4,22.99,110.37,51.06,2.31,141,2.53,215.42,0.0,0.0,0.0,0.0,149.97,44.58
樣本外,5,45,規模,依組別選方案,中小型股=C，大型股=E,277.25,13.39,115.67,48.12,2.42,160,2.72,250.47,0.0,0.0,0.0,0.0,77.78,112.21
全期間,5,45,基準,全部用E,E,350.21,24.94,30.04,36.89,1.72,431,1.23,300.33,14.18,-3.16,79.01,40.61,44.3,12.09
全期間,5,45,籌碼主導,訓練期選出＝全部E（與基準相同）,外資主導=E，投信主導=E,350.21,24.94,30.04,36.89,1.72,431,1.23,300.33,14.18,-3.16,79.01,40.61,44.3,12.09
全期間,5,45,波動度,依組別選方案,低波動=D，高波動=E,524.34,22.86,37.68,41.9,2.16,389,1.56,478.62,18.26,-3.79,113.63,62.03,41.86,11.76
全期間,5,45,規模,依組別選方案,中小型股=C，大型股=E,397.07,25.89,32.31,41.65,1.79,413,1.32,345.29,25.24,-7.04,106.5,26.66,32.28,23.39
訓練期,3,30,基準,全部用E,E,171.58,32.95,28.39,39.18,3.0,194,1.01,105.68,16.75,-7.82,90.05,32.78,0.0,0.0
訓練期,3,30,籌碼主導,外資主導改用A,"外資主導=A,其他=E",173.77,32.42,28.65,41.97,4.4,193,0.99,108.93,16.65,-7.95,105.72,23.94,0.0,0.0
訓練期,3,30,籌碼主導,外資主導改用B,"外資主導=B,其他=E",178.54,32.96,29.21,43.33,3.0,210,1.02,112.62,5.51,-6.17,90.92,47.36,0.0,0.0
訓練期,3,30,籌碼主導,外資主導改用C,"外資主導=C,其他=E",140.18,40.14,24.51,43.59,4.68,195,0.9,59.9,16.23,-23.15,111.65,27.04,0.0,0.0
訓練期,3,30,籌碼主導,外資主導改用D,"外資主導=D,其他=E",156.0,29.34,26.51,41.45,4.68,193,0.96,97.32,27.54,-8.14,86.95,16.88,0.0,0.0
訓練期,3,30,籌碼主導,投信主導改用A,"投信主導=A,其他=E",132.76,29.39,23.53,42.05,3.94,195,0.86,73.98,21.55,-4.66,46.01,37.56,0.0,0.0
訓練期,3,30,籌碼主導,投信主導改用B,"投信主導=B,其他=E",77.15,41.51,15.38,39.91,5.64,218,0.62,-5.87,-7.81,-18.79,46.1,61.96,0.0,0.0
訓練期,3,30,籌碼主導,投信主導改用C,"投信主導=C,其他=E",98.53,39.68,18.71,42.39,4.64,184,0.71,19.17,-6.04,-19.94,84.75,42.85,0.0,0.0
訓練期,3,30,籌碼主導,投信主導改用D,"投信主導=D,其他=E",89.16,39.63,17.29,42.94,7.56,170,0.69,9.9,2.09,-26.89,41.53,79.07,0.0,0.0
訓練期,3,30,波動度,低波動改用A,"低波動=A,其他=E",213.29,31.64,33.07,42.23,4.56,206,1.11,150.01,13.77,-5.93,116.79,35.02,0.0,0.0
訓練期,3,30,波動度,低波動改用B,"低波動=B,其他=E",113.9,45.43,20.95,39.51,2.91,205,0.77,23.04,2.23,-32.06,54.74,99.02,0.0,0.0
訓練期,3,30,波動度,低波動改用C,"低波動=C,其他=E",129.35,42.0,23.08,41.03,5.11,195,0.83,45.35,-4.8,-19.53,73.42,72.64,0.0,0.0
訓練期,3,30,波動度,低波動改用D,"低波動=D,其他=E",220.2,32.57,33.8,43.23,5.78,192,1.26,155.06,20.34,2.36,76.33,47.42,0.0,0.0
訓練期,3,30,波動度,高波動改用A,"高波動=A,其他=E",112.02,26.24,20.68,41.05,3.85,190,0.79,59.54,20.55,-11.25,82.83,8.39,0.0,0.0
訓練期,3,30,波動度,高波動改用B,"高波動=B,其他=E",99.13,39.23,18.8,42.01,5.43,219,0.74,20.67,-13.57,-7.58,109.45,19.02,0.0,0.0
訓練期,3,30,波動度,高波動改用C,"高波動=C,其他=E",97.09,37.79,18.5,44.32,4.52,185,0.72,21.51,11.48,-32.21,111.14,23.52,0.0,0.0
訓練期,3,30,波動度,高波動改用D,"高波動=D,其他=E",15.52,43.68,3.68,40.13,5.29,157,0.28,-71.84,10.5,-36.1,40.01,16.85,0.0,0.0
訓練期,3,30,規模,中小型股改用A,"中小型股=A,其他=E",144.17,38.32,25.02,40.53,5.84,190,0.91,67.53,15.79,-11.0,73.47,36.59,0.0,0.0
訓練期,3,30,規模,中小型股改用B,"中小型股=B,其他=E",109.91,33.51,20.38,38.39,5.39,211,0.77,42.89,6.26,-8.11,35.43,58.74,0.0,0.0
訓練期,3,30,規模,中小型股改用C,"中小型股=C,其他=E",191.59,37.48,30.7,42.33,6.28,189,1.06,116.63,18.68,-23.61,123.91,43.64,0.0,0.0
訓練期,3,30,規模,中小型股改用D,"中小型股=D,其他=E",139.24,38.76,24.39,42.13,7.34,178,0.86,61.72,5.42,-22.09,74.79,66.65,0.0,0.0
訓練期,3,30,規模,大型股改用A,"大型股=A,其他=E",113.47,33.29,20.89,44.16,7.27,197,0.79,46.89,20.78,-15.49,73.47,20.57,0.0,0.0
訓練期,3,30,規模,大型股改用B,"大型股=B,其他=E",105.79,42.48,19.79,41.01,6.05,217,0.76,20.83,-4.13,-23.41,107.95,34.78,0.0,0.0
訓練期,3,30,規模,大型股改用C,"大型股=C,其他=E",99.92,51.5,18.92,45.88,1.94,170,0.72,-3.08,13.85,-46.97,114.15,54.61,0.0,0.0
訓練期,3,30,規模,大型股改用D,"大型股=D,其他=E",21.22,43.82,4.93,43.29,2.94,164,0.32,-66.42,-8.7,-31.68,55.77,24.77,0.0,0.0
樣本外,3,30,基準,全部用E,E,158.56,35.69,73.31,46.84,2.22,79,1.77,87.18,0.0,0.0,0.0,0.0,76.54,46.46
樣本外,3,30,籌碼主導,依組別選方案,外資主導=B，投信主導=E,97.27,28.17,48.18,46.91,1.7,81,1.27,40.93,0.0,0.0,0.0,0.0,31.41,50.11
樣本外,3,30,波動度,依組別選方案,低波動=D，高波動=E,158.16,39.51,73.15,51.52,2.37,66,1.71,79.14,0.0,0.0,0.0,0.0,44.85,78.23
樣本外,3,30,規模,依組別選方案,中小型股=C，大型股=E,155.78,37.66,72.22,44.87,2.03,78,1.73,80.46,0.0,0.0,0.0,0.0,61.06,58.81
全期間,3,30,基準,全部用E,E,358.22,32.95,30.44,40.88,1.82,274,1.15,292.32,16.75,-7.82,90.05,32.78,37.03,23.13
全期間,3,30,籌碼主導,依組別選方案,外資主導=B，投信主導=E,333.93,32.96,29.21,43.73,1.73,295,1.11,268.01,5.51,-6.17,90.92,47.36,26.27,23.38
全期間,3,30,波動度,依組別選方案,低波動=D，高波動=E,409.52,32.57,32.88,44.06,1.96,261,1.33,344.38,20.34,2.36,76.33,47.42,29.41,22.96
全期間,3,30,規模,依組別選方案,中小型股=C，大型股=E,348.48,37.48,29.95,42.91,1.77,268,1.13,273.52,18.68,-23.61,123.91,43.64,21.96,26.11
