period,start,end,positions,hold_days,mode,mode_label,total_return,cagr,mdd,win_rate,profit_factor,total_trades,sharpe,sortino,return_2021,return_2022,return_2023,return_2024,return_2025,return_2026
全期間,2021-01-01,2026-09-24,3,30,off,不使用（現況）,476.31,35.77,31.05,42.5,1.89,320,1.3,1.95,28.0,-3.67,79.19,45.25,45.65,23.3
全期間,2021-01-01,2026-09-24,3,30,above,收盤>VWMA5,480.41,35.94,28.64,41.85,1.89,325,1.34,2.03,27.75,-0.5,96.21,35.02,30.2,32.39
全期間,2021-01-01,2026-09-24,3,30,above_vol,收盤>VWMA5且量增,328.5,28.92,36.07,40.13,1.59,319,1.05,1.54,19.71,-15.79,90.11,30.28,32.61,29.42
全期間,2021-01-01,2026-09-24,3,60,off,不使用（現況）,395.21,32.22,46.18,40.34,1.8,295,1.16,1.86,16.82,-30.13,144.84,42.17,27.08,37.16
全期間,2021-01-01,2026-09-24,3,60,above,收盤>VWMA5,418.95,33.31,43.1,40.07,1.83,297,1.22,1.94,20.75,-27.23,153.78,33.25,27.88,36.56
全期間,2021-01-01,2026-09-24,3,60,above_vol,收盤>VWMA5且量增,375.39,31.28,33.21,38.54,1.66,301,1.15,1.75,22.44,-7.88,110.21,17.22,30.65,30.91
全期間,2021-01-01,2026-09-24,5,30,off,不使用（現況）,466.76,35.38,23.84,40.26,1.82,539,1.39,2.12,22.33,2.83,64.78,20.28,44.94,56.84
全期間,2021-01-01,2026-09-24,5,30,above,收盤>VWMA5,468.53,35.45,22.17,41.15,1.81,537,1.43,2.16,22.28,8.92,68.71,21.77,47.23,41.13
全期間,2021-01-01,2026-09-24,5,30,above_vol,收盤>VWMA5且量增,319.65,28.46,34.46,38.45,1.64,515,1.08,1.62,7.52,-16.15,68.17,9.71,59.11,58.56
全期間,2021-01-01,2026-09-24,5,60,off,不使用（現況）,440.31,34.25,41.31,36.84,1.88,475,1.28,2.04,26.58,-28.2,108.59,5.38,55.73,73.68
全期間,2021-01-01,2026-09-24,5,60,above,收盤>VWMA5,397.68,32.34,31.26,37.55,1.73,474,1.26,1.92,29.04,-11.4,85.28,20.26,28.06,52.56
全期間,2021-01-01,2026-09-24,5,60,above_vol,收盤>VWMA5且量增,409.71,32.89,30.84,37.68,1.74,483,1.24,1.87,20.05,-12.6,85.51,6.68,65.08,48.68
訓練期,2021-01-01,2024-12-31,3,30,off,不使用（現況）,220.92,33.87,31.05,41.01,4.05,217,1.16,1.75,28.0,-3.67,79.19,45.25,0.0,0.0
訓練期,2021-01-01,2024-12-31,3,30,above,收盤>VWMA5,236.71,35.49,28.64,40.83,4.02,218,1.25,1.9,27.75,-0.5,96.21,35.02,0.0,0.0
訓練期,2021-01-01,2024-12-31,3,30,above_vol,收盤>VWMA5且量增,149.67,25.72,36.07,37.21,3.31,215,0.92,1.35,19.71,-15.79,90.11,30.28,0.0,0.0
訓練期,2021-01-01,2024-12-31,3,60,off,不使用（現況）,184.1,29.85,46.18,38.69,4.22,199,1.03,1.68,16.82,-30.13,144.84,42.17,0.0,0.0
訓練期,2021-01-01,2024-12-31,3,60,above,收盤>VWMA5,197.16,31.32,43.1,38.78,4.2,196,1.11,1.81,20.75,-27.23,153.78,33.25,0.0,0.0
訓練期,2021-01-01,2024-12-31,3,60,above_vol,收盤>VWMA5且量增,177.94,29.14,33.21,36.14,3.21,202,1.04,1.56,22.44,-7.88,110.21,17.22,0.0,0.0
訓練期,2021-01-01,2024-12-31,5,30,off,不使用（現況）,149.32,25.68,22.64,37.95,3.23,361,1.05,1.57,22.33,2.83,64.78,20.28,0.0,0.0
訓練期,2021-01-01,2024-12-31,5,30,above,收盤>VWMA5,173.62,28.64,19.62,39.55,3.32,359,1.17,1.75,22.28,8.92,68.71,21.77,0.0,0.0
訓練期,2021-01-01,2024-12-31,5,30,above_vol,收盤>VWMA5且量增,66.34,13.58,34.46,36.2,2.68,337,0.62,0.91,7.52,-16.15,68.17,9.71,0.0,0.0
訓練期,2021-01-01,2024-12-31,5,60,off,不使用（現況）,99.78,18.9,41.31,33.55,3.69,304,0.81,1.27,26.58,-28.2,108.59,5.38,0.0,0.0
訓練期,2021-01-01,2024-12-31,5,60,above,收盤>VWMA5,154.75,26.36,29.83,34.97,3.71,306,1.07,1.68,29.04,-11.4,85.28,20.26,0.0,0.0
訓練期,2021-01-01,2024-12-31,5,60,above_vol,收盤>VWMA5且量增,107.67,20.06,30.84,35.13,3.51,316,0.84,1.26,20.05,-12.6,85.51,6.68,0.0,0.0
樣本外,2025-01-01,2026-09-24,3,30,off,不使用（現況）,163.31,75.14,26.53,44.23,2.0,104,1.7,2.76,0.0,0.0,0.0,0.0,42.93,84.23
樣本外,2025-01-01,2026-09-24,3,30,above,收盤>VWMA5,178.01,80.74,26.53,44.34,2.07,106,1.78,3.09,0.0,0.0,0.0,0.0,35.92,104.54
樣本外,2025-01-01,2026-09-24,3,30,above_vol,收盤>VWMA5且量增,133.61,63.42,23.44,41.51,1.7,106,1.57,2.59,0.0,0.0,0.0,0.0,48.38,57.44
樣本外,2025-01-01,2026-09-24,3,60,off,不使用（現況）,202.64,89.84,15.94,43.88,2.2,98,2.09,3.68,0.0,0.0,0.0,0.0,57.68,91.93
樣本外,2025-01-01,2026-09-24,3,60,above,收盤>VWMA5,203.03,89.98,20.26,42.72,2.17,103,2.08,3.6,0.0,0.0,0.0,0.0,63.59,85.24
樣本外,2025-01-01,2026-09-24,3,60,above_vol,收盤>VWMA5且量增,124.46,59.68,29.7,41.75,1.66,103,1.54,2.45,0.0,0.0,0.0,0.0,37.5,63.24
樣本外,2025-01-01,2026-09-24,5,30,off,不使用（現況）,249.63,106.38,23.1,45.09,2.39,173,2.45,4.05,0.0,0.0,0.0,0.0,67.36,108.91
樣本外,2025-01-01,2026-09-24,5,30,above,收盤>VWMA5,244.02,104.46,23.1,45.71,2.34,175,2.41,3.92,0.0,0.0,0.0,0.0,71.75,100.31
樣本外,2025-01-01,2026-09-24,5,30,above_vol,收盤>VWMA5且量增,198.46,88.31,20.8,43.35,2.06,173,2.2,3.54,0.0,0.0,0.0,0.0,60.67,85.75
樣本外,2025-01-01,2026-09-24,5,60,off,不使用（現況）,279.61,116.44,16.42,44.91,2.6,167,2.68,4.78,0.0,0.0,0.0,0.0,76.04,115.63
樣本外,2025-01-01,2026-09-24,5,60,above,收盤>VWMA5,245.79,105.06,16.42,44.31,2.4,167,2.49,4.16,0.0,0.0,0.0,0.0,71.12,102.07
樣本外,2025-01-01,2026-09-24,5,60,above_vol,收盤>VWMA5且量增,205.62,90.92,19.66,41.1,2.09,163,2.2,3.61,0.0,0.0,0.0,0.0,68.02,81.89
