ticker,buy_date,sell_date,entry_regime,buy_price,sell_price,reason,pnl_pct,pnl,hold_days,variant
5269,2021-02-01,2021-02-05,空頭,1757.81,1735.61,積分轉負,-1.85,-425.99,4,整套換方案B(失敗版)
3529,2021-02-01,2021-02-18,空頭,675.01,848.99,15%停利,25.02,4919.45,17,整套換方案B(失敗版)
2492,2021-02-01,2021-02-19,空頭,194.93,225.58,15%停利,15.03,4295.67,18,整套換方案B(失敗版)
6415,2021-02-01,2021-02-23,空頭,685.49,715.61,積分轉負,3.77,790.93,22,整套換方案B(失敗版)
2330,2021-02-01,2021-02-23,空頭,553.42,580.6,積分轉負,4.28,1298.4,22,整套換方案B(失敗版)
2454,2021-02-01,2021-02-23,空頭,638.08,680.38,積分轉負,5.99,1620.5,22,整套換方案B(失敗版)
2492,2021-02-22,2021-02-25,多頭,237.49,228.98,積分轉負,-4.16,-15782.25,3,整套換方案B(失敗版)
3443,2021-02-22,2021-02-26,多頭,449.82,420.77,土洋雙賣,-7.02,-6362.26,4,整套換方案B(失敗版)
2412,2021-02-01,2021-03-03,空頭,86.78,87.18,積分轉負,-0.14,-173.5,30,整套換方案B(失敗版)
6488,2021-02-22,2021-03-03,多頭,675.63,624.66,積分轉負,-8.1,-25108.98,9,整套換方案B(失敗版)
2368,2021-03-08,2021-03-17,空頭,56.44,53.26,積分轉負,-6.21,-1494.83,9,整套換方案B(失敗版)
3189,2021-03-08,2021-03-17,空頭,83.33,82.59,積分轉負,-1.48,-584.76,9,整套換方案B(失敗版)
3105,2021-03-08,2021-03-18,空頭,339.98,344.88,積分轉負,0.83,726.8,10,整套換方案B(失敗版)
2357,2021-03-08,2021-03-19,空頭,208.48,249.45,15%停利,18.94,8268.36,11,整套換方案B(失敗版)
3231,2021-03-08,2021-03-24,空頭,24.19,25.53,土洋雙賣,4.9,10719.43,16,整套換方案B(失敗版)
2324,2021-03-08,2021-03-29,空頭,16.81,19.4,15%停利,14.75,29660.09,21,整套換方案B(失敗版)
6438,2021-02-01,2021-04-01,空頭,68.19,78.54,15%停利,14.48,13710.8,59,整套換方案B(失敗版)
2356,2021-03-08,2021-04-01,空頭,19.85,20.61,積分轉負,3.19,6423.63,24,整套換方案B(失敗版)
2317,2021-03-22,2021-04-01,多頭,103.91,97.11,積分轉負,-7.1,-12849.09,10,整套換方案B(失敗版)
6531,2021-03-29,2021-04-07,多頭,400.95,393.28,積分轉負,-2.5,-5160.21,9,整套換方案B(失敗版)
3034,2021-03-29,2021-04-12,多頭,353.22,368.99,觸發停損,3.84,9733.79,14,整套換方案B(失敗版)
5434,2021-03-22,2021-04-13,多頭,101.54,101.92,積分轉負,-0.23,-171.43,22,整套換方案B(失敗版)
8086,2021-04-12,2021-04-14,多頭,151.12,143.7,積分轉負,-5.48,-6772.24,2,整套換方案B(失敗版)
2303,2021-04-12,2021-04-15,多頭,39.77,39.4,積分轉負,-1.53,-2202.61,3,整套換方案B(失敗版)
3413,2021-04-12,2021-04-16,多頭,210.3,188.47,積分轉負,-10.92,-10692.35,4,整套換方案B(失敗版)
2376,2021-04-12,2021-04-21,多頭,76.85,78.7,積分轉負,1.79,2913.51,9,整套換方案B(失敗版)
5347,2021-04-12,2021-04-22,多頭,91.04,89.08,積分轉負,-2.74,-4823.13,10,整套換方案B(失敗版)
6488,2021-04-19,2021-04-23,多頭,717.97,725.74,積分轉負,0.48,1180.7,4,整套換方案B(失敗版)
2308,2021-04-19,2021-04-23,多頭,266.57,265.68,積分轉負,-0.93,-1623.72,4,整套換方案B(失敗版)
2458,2021-04-12,2021-04-29,多頭,138.15,148.91,積分轉負,7.14,7410.72,17,整套換方案B(失敗版)
2303,2021-04-26,2021-05-03,多頭,45.86,39.33,觸發停損,-14.75,-26079.48,7,整套換方案B(失敗版)
2353,2021-04-12,2021-05-04,多頭,23.95,23.44,觸發停損,-2.74,-3854.01,22,整套換方案B(失敗版)
3533,2021-04-26,2021-05-05,多頭,442.81,424.0,觸發停損,-4.82,-13550.26,9,整套換方案B(失敗版)
2436,2021-04-26,2021-05-10,多頭,74.44,55.66,觸發停損,-25.67,-26313.09,14,整套換方案B(失敗版)
2376,2021-04-26,2021-05-12,多頭,86.46,76.85,觸發停損,-11.64,-16927.21,16,整套換方案B(失敗版)
6182,2021-04-26,2021-05-12,多頭,52.15,40.09,觸發停損,-23.59,-12171.57,16,整套換方案B(失敗版)
5347,2021-05-10,2021-05-12,多頭,89.87,79.66,觸發停損,-11.88,-11504.69,2,整套換方案B(失敗版)
3529,2021-05-03,2021-05-13,多頭,974.49,819.52,觸發停損,-16.41,-42956.61,10,整套換方案B(失敗版)
3533,2021-05-10,2021-05-13,多頭,453.06,399.21,觸發停損,-12.41,-26335.24,3,整套換方案B(失敗版)
2353,2021-05-10,2021-05-13,多頭,25.9,22.0,觸發停損,-15.56,-26744.19,3,整套換方案B(失敗版)
2454,2021-05-17,2021-05-19,空頭,671.44,664.87,土洋雙賣,-1.57,-1042.14,2,整套換方案B(失敗版)
8046,2021-05-17,2021-05-20,空頭,263.13,251.95,土洋雙賣,-4.82,-5471.46,3,整套換方案B(失敗版)
2360,2021-05-17,2021-05-21,空頭,157.06,156.74,土洋雙賣,-0.8,-851.63,4,整套換方案B(失敗版)
6415,2021-05-17,2021-05-24,空頭,686.35,805.96,15%停利,16.72,21309.36,7,整套換方案B(失敗版)
5269,2021-05-17,2021-05-26,空頭,1090.33,1300.6,15%停利,18.57,19306.63,9,整套換方案B(失敗版)
2345,2021-05-17,2021-05-27,空頭,259.86,265.97,積分轉負,1.74,2375.6,10,整套換方案B(失敗版)
2368,2021-05-17,2021-06-01,空頭,47.61,55.09,15%停利,15.01,11219.9,15,整套換方案B(失敗版)
2458,2021-05-24,2021-06-02,空頭,142.31,142.66,積分轉負,-0.36,-228.31,9,整套換方案B(失敗版)
3653,2021-05-24,2021-06-03,空頭,233.01,235.84,積分轉負,0.61,720.17,10,整套換方案B(失敗版)
6415,2021-05-24,2021-06-04,空頭,823.06,813.19,積分轉負,-1.79,-2278.59,11,整套換方案B(失敗版)
5269,2021-05-31,2021-06-07,多頭,1340.55,1238.45,積分轉負,-8.17,-21388.07,7,整套換方案B(失敗版)
6488,2021-05-17,2021-06-08,空頭,644.45,744.75,15%停利,14.87,10879.83,22,整套換方案B(失敗版)
2337,2021-06-07,2021-06-09,多頭,36.7,35.94,積分轉負,-2.67,-3301.14,2,整套換方案B(失敗版)
8046,2021-06-07,2021-06-11,多頭,303.71,298.11,積分轉負,-2.43,-3640.54,4,整套換方案B(失敗版)
3653,2021-06-07,2021-06-15,多頭,259.26,242.53,積分轉負,-7.01,-12713.36,8,整套換方案B(失敗版)
2383,2021-06-21,2021-06-22,多頭,184.77,176.99,土洋雙賣,-4.79,-8135.87,1,整套換方案B(失敗版)
3443,2021-06-21,2021-06-22,多頭,396.45,385.52,土洋雙賣,-3.34,-5850.5,1,整套換方案B(失敗版)
3017,2021-06-07,2021-06-28,多頭,63.74,71.8,積分轉負,11.97,21437.73,21,整套換方案B(失敗版)
2059,2021-05-24,2021-06-29,空頭,358.07,362.56,積分轉負,0.65,768.73,36,整套換方案B(失敗版)
6182,2021-06-21,2021-06-30,多頭,52.51,54.19,積分轉負,2.59,4016.17,9,整套換方案B(失敗版)
2368,2021-06-21,2021-07-01,多頭,60.01,64.55,積分轉負,6.91,1316.93,10,整套換方案B(失敗版)
3035,2021-06-28,2021-07-07,多頭,69.21,83.27,15%停利,19.59,7311.89,9,整套換方案B(失敗版)
8086,2021-06-28,2021-07-12,多頭,145.09,173.37,15%停利,18.77,31461.29,14,整套換方案B(失敗版)
3532,2021-07-05,2021-07-13,多頭,164.81,193.38,15%停利,16.63,9207.55,8,整套換方案B(失敗版)
6415,2021-06-28,2021-07-16,多頭,879.45,945.71,積分轉負,6.89,10723.15,18,整套換方案B(失敗版)
6202,2021-07-12,2021-07-16,多頭,93.92,111.33,15%停利,17.83,43434.73,4,整套換方案B(失敗版)
3413,2021-07-05,2021-07-19,多頭,188.08,188.47,積分轉負,-0.4,-964.09,14,整套換方案B(失敗版)
3081,2021-07-19,2021-07-21,多頭,208.58,204.84,土洋雙賣,-2.38,-4527.69,2,整套換方案B(失敗版)
8081,2021-07-19,2021-07-23,多頭,182.16,189.38,土洋雙賣,3.34,4237.75,4,整套換方案B(失敗版)
6202,2021-07-19,2021-07-26,多頭,114.97,111.33,土洋雙賣,-3.75,-4799.76,7,整套換方案B(失敗版)
5483,2021-06-28,2021-07-27,多頭,147.77,155.65,觸發停損,4.7,8048.12,29,整套換方案B(失敗版)
3037,2021-07-26,2021-07-28,空頭,130.65,123.5,土洋雙賣,-6.04,-3751.24,2,整套換方案B(失敗版)
5269,2021-07-19,2021-07-30,多頭,1660.15,1735.61,觸發停損,3.92,4665.47,11,整套換方案B(失敗版)
3227,2021-07-26,2021-07-30,空頭,161.84,148.34,土洋雙賣,-8.89,-14157.96,4,整套換方案B(失敗版)
3661,2021-07-26,2021-07-30,空頭,652.53,604.76,土洋雙賣,-7.88,-5777.14,4,整套換方案B(失敗版)
3443,2021-07-19,2021-08-02,多頭,425.45,388.37,土洋雙賣,-9.26,-12710.98,14,整套換方案B(失敗版)
4966,2021-07-19,2021-08-03,多頭,1438.42,1544.31,土洋雙賣,6.72,3957.43,15,整套換方案B(失敗版)
6223,2021-08-02,2021-08-03,空頭,149.36,148.48,土洋雙賣,-1.19,-529.41,1,整套換方案B(失敗版)
3529,2021-08-02,2021-08-03,空頭,1291.35,1272.22,土洋雙賣,-2.07,-909.09,1,整套換方案B(失敗版)
6531,2021-08-02,2021-08-05,空頭,354.46,340.96,積分轉負,-4.38,-3842.84,3,整套換方案B(失敗版)
2337,2021-08-02,2021-08-06,空頭,37.11,37.34,土洋雙賣,0.03,55.07,4,整套換方案B(失敗版)
5269,2021-08-02,2021-08-09,空頭,1864.56,1695.66,土洋雙賣,-9.6,-8767.63,7,整套換方案B(失敗版)
5347,2021-08-09,2021-08-17,空頭,113.59,107.92,土洋雙賣,-5.56,-2730.75,8,整套換方案B(失敗版)
6415,2021-08-09,2021-08-17,空頭,975.98,841.9,觸發停損,-14.25,-3429.39,8,整套換方案B(失敗版)
3131,2021-07-26,2021-08-19,空頭,355.22,322.95,觸發停損,-9.63,-21662.47,24,整套換方案B(失敗版)
6412,2021-08-09,2021-08-19,空頭,53.98,50.92,觸發停損,-6.22,-4280.18,10,整套換方案B(失敗版)
8081,2021-08-02,2021-08-24,空頭,191.95,189.28,土洋雙賣,-1.98,-1647.92,22,整套換方案B(失敗版)
2412,2021-08-09,2021-08-25,空頭,93.83,90.97,觸發停損,-3.62,-13611.54,16,整套換方案B(失敗版)
3661,2021-08-23,2021-08-26,空頭,634.76,622.91,土洋雙賣,-2.45,-3238.49,3,整套換方案B(失敗版)
3653,2021-08-23,2021-08-26,空頭,261.4,253.82,土洋雙賣,-3.48,-5021.75,3,整套換方案B(失敗版)
2303,2021-08-09,2021-09-03,空頭,45.5,53.63,15%停利,17.15,13102.14,25,整套換方案B(失敗版)
2059,2021-08-09,2021-09-03,空頭,344.2,344.47,積分轉負,-0.52,-227.65,25,整套換方案B(失敗版)
6488,2021-08-30,2021-09-08,多頭,762.59,755.6,積分轉負,-1.51,-2598.89,9,整套換方案B(失敗版)
3189,2021-08-30,2021-09-09,多頭,183.67,182.77,積分轉負,-1.08,-2301.33,10,整套換方案B(失敗版)
8046,2021-09-06,2021-09-09,多頭,394.6,365.89,積分轉負,-7.83,-10416.49,3,整套換方案B(失敗版)
2395,2021-08-23,2021-09-14,空頭,299.56,299.23,積分轉負,-0.71,-943.51,22,整套換方案B(失敗版)
2324,2021-08-23,2021-09-28,空頭,17.75,18.95,土洋雙賣,6.08,12061.19,36,整套換方案B(失敗版)
3017,2021-09-27,2021-10-01,空頭,77.63,67.78,觸發停損,-13.22,-5255.95,4,整套換方案B(失敗版)
2454,2021-09-27,2021-10-01,空頭,702.61,649.07,觸發停損,-8.17,-2229.79,4,整套換方案B(失敗版)
3443,2021-09-13,2021-10-08,多頭,439.23,505.78,15%停利,14.46,11592.48,25,整套換方案B(失敗版)
3653,2021-09-27,2021-10-20,空頭,276.29,321.42,15%停利,15.64,14511.98,23,整套換方案B(失敗版)
2382,2021-10-04,2021-10-21,空頭,59.01,59.39,積分轉負,0.04,37.22,17,整套換方案B(失敗版)
5434,2021-09-13,2021-10-22,多頭,114.06,110.05,積分轉負,-4.1,-5259.83,39,整套換方案B(失敗版)
2412,2021-10-04,2021-10-26,空頭,91.8,91.38,積分轉負,-1.05,-588.56,22,整套換方案B(失敗版)
6282,2021-10-04,2021-10-27,空頭,24.69,28.46,15%停利,14.6,12661.41,23,整套換方案B(失敗版)
6214,2021-09-13,2021-10-28,多頭,68.3,67.52,積分轉負,-1.74,-5104.34,45,整套換方案B(失敗版)
3037,2021-10-25,2021-10-28,多頭,136.03,161.34,15%停利,17.9,29172.37,3,整套換方案B(失敗版)
2356,2021-09-27,2021-11-01,空頭,21.62,21.95,積分轉負,0.93,601.85,35,整套換方案B(失敗版)
3661,2021-10-18,2021-11-01,空頭,898.03,1088.82,15%停利,20.52,2597.13,14,整套換方案B(失敗版)
3189,2021-10-25,2021-11-01,多頭,219.51,214.58,積分轉負,-2.83,-5131.76,7,整套換方案B(失敗版)
3533,2021-11-01,2021-11-04,多頭,527.02,505.9,積分轉負,-4.58,-5636.11,3,整套換方案B(失敗版)
3443,2021-11-01,2021-11-09,多頭,578.99,561.87,積分轉負,-3.54,-2596.43,8,整套換方案B(失敗版)
3653,2021-11-01,2021-11-11,多頭,330.79,326.96,積分轉負,-1.75,-1341.42,10,整套換方案B(失敗版)
2313,2021-11-01,2021-11-12,多頭,35.86,34.89,積分轉負,-3.29,-4173.01,11,整套換方案B(失敗版)
2436,2021-11-15,2021-11-19,多頭,92.57,91.29,積分轉負,-1.98,-4363.05,4,整套換方案B(失敗版)
2376,2021-11-08,2021-11-23,多頭,103.22,103.99,積分轉負,0.15,171.85,15,整套換方案B(失敗版)
6669,2021-11-15,2021-11-24,多頭,836.35,852.71,積分轉負,1.35,647.88,9,整套換方案B(失敗版)
6412,2021-11-01,2021-11-26,多頭,54.59,56.72,觸發停損,3.29,5659.85,25,整套換方案B(失敗版)
6257,2021-11-01,2021-11-29,多頭,45.81,45.05,觸發停損,-2.27,-3759.33,28,整套換方案B(失敗版)
3533,2021-11-29,2021-11-30,空頭,612.36,604.44,土洋雙賣,-1.88,-568.31,1,整套換方案B(失敗版)
2356,2021-11-29,2021-12-03,空頭,21.54,21.2,積分轉負,-2.12,-1885.57,4,整套換方案B(失敗版)
6414,2021-11-29,2021-12-06,空頭,196.11,188.94,積分轉負,-4.23,-2902.65,7,整套換方案B(失敗版)
8046,2021-11-29,2021-12-07,空頭,525.79,509.89,積分轉負,-3.6,-2671.24,8,整套換方案B(失敗版)
5269,2021-11-22,2021-12-09,多頭,1779.65,1676.29,積分轉負,-6.37,-13743.31,17,整套換方案B(失敗版)
3653,2021-11-29,2021-12-09,空頭,367.77,365.75,積分轉負,-1.14,-756.09,10,整套換方案B(失敗版)
2449,2021-11-01,2021-12-13,多頭,31.2,34.55,積分轉負,10.06,15658.83,42,整套換方案B(失敗版)
2353,2021-11-29,2021-12-13,空頭,21.47,22.59,積分轉負,4.6,6940.04,14,整套換方案B(失敗版)
8299,2021-12-13,2021-12-14,多頭,401.88,392.83,土洋雙賣,-2.84,-3769.64,1,整套換方案B(失敗版)
8114,2021-12-13,2021-12-16,多頭,98.49,104.62,觸發停損,5.59,7640.66,3,整套換方案B(失敗版)
3105,2021-12-13,2021-12-20,多頭,352.46,338.18,土洋雙賣,-4.63,-7595.13,7,整套換方案B(失敗版)
2376,2021-12-13,2021-12-20,多頭,123.71,118.68,土洋雙賣,-4.64,-5868.93,7,整套換方案B(失敗版)
5483,2021-12-13,2021-12-22,多頭,176.64,172.68,積分轉負,-2.83,-3041.67,9,整套換方案B(失敗版)
2353,2021-12-20,2021-12-24,空頭,23.25,23.1,積分轉負,-1.26,-661.88,4,整套換方案B(失敗版)
3034,2021-12-06,2021-12-27,多頭,328.67,345.59,積分轉負,4.52,9462.27,21,整套換方案B(失敗版)
2458,2021-12-20,2021-12-28,空頭,120.51,120.51,積分轉負,-0.6,-398.95,8,整套換方案B(失敗版)
3035,2021-12-20,2021-12-30,空頭,198.46,218.58,積分轉負,9.48,2522.76,10,整套換方案B(失敗版)
6533,2021-12-27,2022-01-03,多頭,537.74,519.98,積分轉負,-3.88,-5268.32,7,整套換方案B(失敗版)
6196,2021-12-20,2022-01-05,空頭,135.01,147.32,積分轉負,8.47,2891.35,16,整套換方案B(失敗版)
6415,2021-12-20,2022-01-05,空頭,1118.51,1188.57,積分轉負,5.63,1824.71,16,整套換方案B(失敗版)
2368,2022-01-03,2022-01-06,多頭,77.23,74.57,積分轉負,-4.02,-935.47,3,整套換方案B(失敗版)
5434,2021-12-20,2022-01-11,空頭,121.29,132.94,觸發停損,8.95,7830.43,22,整套換方案B(失敗版)
6515,2022-01-03,2022-01-11,多頭,389.59,348.22,積分轉負,-11.15,-22600.28,8,整套換方案B(失敗版)
2357,2021-12-27,2022-01-12,多頭,265.84,269.77,積分轉負,0.87,3824.01,16,整套換方案B(失敗版)
6196,2022-01-10,2022-01-14,多頭,155.82,145.2,積分轉負,-7.37,-5807.83,4,整套換方案B(失敗版)
3413,2022-01-10,2022-01-14,多頭,194.38,191.61,積分轉負,-2.02,-298.39,4,整套換方案B(失敗版)
2330,2022-01-17,2022-01-20,多頭,629.47,599.98,土洋雙賣,-5.26,-6936.69,3,整套換方案B(失敗版)
3711,2022-01-17,2022-01-20,多頭,85.64,83.65,土洋雙賣,-2.9,-3187.4,3,整套換方案B(失敗版)
3017,2022-01-17,2022-02-09,多頭,82.14,97.62,15%停利,18.12,7648.71,23,整套換方案B(失敗版)
2330,2022-01-24,2022-02-09,空頭,601.83,583.39,土洋雙賣,-3.64,-1455.07,16,整套換方案B(失敗版)
3231,2022-01-17,2022-02-11,多頭,24.53,25.23,積分轉負,2.2,5786.97,25,整套換方案B(失敗版)
3044,2022-01-17,2022-02-11,多頭,99.6,100.39,積分轉負,0.19,369.53,25,整套換方案B(失敗版)
2360,2022-01-24,2022-02-11,空頭,191.35,182.41,積分轉負,-5.24,-4075.39,18,整套換方案B(失敗版)
5388,2022-01-17,2022-02-16,多頭,61.29,62.55,積分轉負,1.43,945.13,30,整套換方案B(失敗版)
4966,2022-02-14,2022-02-23,空頭,1816.58,1707.63,土洋雙賣,-6.56,-6490.52,9,整套換方案B(失敗版)
2324,2021-12-27,2022-03-04,多頭,19.07,20.29,土洋雙賣,5.78,2919.53,67,整套換方案B(失敗版)
5269,2022-02-14,2022-03-04,空頭,1613.86,1599.89,土洋雙賣,-1.46,-1602.91,18,整套換方案B(失敗版)
2353,2022-02-21,2022-03-04,多頭,23.33,22.21,土洋雙賣,-5.38,-4920.88,11,整套換方案B(失敗版)
8299,2022-02-14,2022-03-07,空頭,414.03,409.85,觸發停損,-1.6,-2334.66,21,整套換方案B(失敗版)
6187,2022-02-14,2022-03-07,空頭,118.49,112.03,觸發停損,-6.02,-11262.32,21,整套換方案B(失敗版)
2356,2022-01-24,2022-03-08,空頭,21.04,20.38,觸發停損,-3.72,-4248.81,43,整套換方案B(失敗版)
6412,2022-03-07,2022-03-09,空頭,63.6,63.14,土洋雙賣,-1.31,-1877.53,2,整套換方案B(失敗版)
2337,2022-02-14,2022-03-11,空頭,37.47,36.05,觸發停損,-4.37,-6565.28,25,整套換方案B(失敗版)
6669,2022-03-14,2022-03-15,空頭,887.17,813.95,觸發停損,-8.8,-5348.16,1,整套換方案B(失敗版)
3005,2022-03-07,2022-03-18,空頭,43.71,42.5,土洋雙賣,-3.35,-3367.94,11,整套換方案B(失敗版)
8996,2022-03-07,2022-03-21,空頭,55.22,63.88,15%停利,14.99,19744.35,14,整套換方案B(失敗版)
2480,2022-03-07,2022-03-22,空頭,70.82,70.14,積分轉負,-1.54,-2752.81,15,整套換方案B(失敗版)
2359,2022-03-07,2022-03-24,空頭,23.67,27.58,15%停利,15.81,14049.87,17,整套換方案B(失敗版)
6239,2022-03-14,2022-03-24,空頭,75.68,73.74,積分轉負,-3.15,-2316.11,10,整套換方案B(失敗版)
3081,2022-03-07,2022-03-28,空頭,157.93,155.13,積分轉負,-2.36,-4617.92,21,整套換方案B(失敗版)
3532,2022-03-21,2022-03-28,多頭,318.29,267.62,觸發停損,-16.42,-24983.62,7,整套換方案B(失敗版)
2455,2022-03-14,2022-03-31,空頭,104.8,101.15,積分轉負,-4.06,-5759.48,17,整套換方案B(失敗版)
3035,2022-03-28,2022-04-01,多頭,284.42,285.34,積分轉負,-0.28,-202.98,4,整套換方案B(失敗版)
6257,2022-03-28,2022-04-06,多頭,46.66,45.12,積分轉負,-3.87,-9688.98,9,整套換方案B(失敗版)
2368,2022-03-28,2022-04-08,多頭,82.85,83.04,土洋雙賣,-0.36,-393.19,11,整套換方案B(失敗版)
3653,2022-03-28,2022-04-25,多頭,349.55,315.45,觸發停損,-10.3,-9995.98,28,整套換方案B(失敗版)
2059,2022-04-11,2022-04-25,空頭,409.35,359.4,觸發停損,-12.73,-3922.56,14,整套換方案B(失敗版)
6206,2022-04-11,2022-04-27,空頭,58.27,56.16,觸發停損,-4.2,-4011.29,16,整套換方案B(失敗版)
2412,2022-04-11,2022-05-03,空頭,106.78,105.44,觸發停損,-1.84,-3593.98,22,整套換方案B(失敗版)
6285,2022-04-11,2022-05-05,空頭,59.67,58.26,觸發停損,-2.95,-1383.33,24,整套換方案B(失敗版)
2395,2022-04-25,2022-05-05,空頭,300.13,277.11,觸發停損,-8.22,-6561.89,10,整套換方案B(失敗版)
8114,2022-04-11,2022-05-09,空頭,89.7,91.54,觸發停損,1.44,779.78,28,整套換方案B(失敗版)
4958,2022-03-28,2022-05-11,多頭,93.49,84.31,觸發停損,-10.36,-14419.91,44,整套換方案B(失敗版)
3443,2022-05-09,2022-05-16,空頭,463.99,491.52,土洋雙賣,5.3,4676.92,7,整套換方案B(失敗版)
3533,2022-05-09,2022-05-23,空頭,658.99,688.91,土洋雙賣,3.91,3372.85,14,整套換方案B(失敗版)
2059,2022-05-09,2022-05-24,空頭,385.06,401.88,土洋雙賣,3.74,3715.64,15,整套換方案B(失敗版)
2356,2022-04-11,2022-06-01,空頭,20.52,21.12,積分轉負,2.3,3105.85,51,整套換方案B(失敗版)
3017,2022-05-23,2022-06-01,空頭,106.59,103.6,積分轉負,-3.38,-3029.94,9,整套換方案B(失敗版)
6770,2022-05-16,2022-06-07,空頭,55.96,54.07,積分轉負,-3.96,-2207.8,22,整套換方案B(失敗版)
6515,2022-05-16,2022-06-09,空頭,336.86,409.14,15%停利,20.73,7705.75,24,整套換方案B(失敗版)
3105,2022-06-06,2022-06-09,多頭,215.62,207.33,積分轉負,-4.42,-9919.59,3,整套換方案B(失敗版)
2324,2022-05-09,2022-06-10,空頭,19.61,19.71,積分轉負,-0.08,-90.7,32,整套換方案B(失敗版)
3374,2022-04-25,2022-06-14,空頭,126.48,133.57,土洋雙賣,4.98,5674.01,50,整套換方案B(失敗版)
1560,2022-06-13,2022-06-14,空頭,152.13,153.97,土洋雙賣,0.6,181.59,1,整套換方案B(失敗版)
8114,2022-06-13,2022-06-16,空頭,113.19,99.31,觸發停損,-12.79,-12238.42,3,整套換方案B(失敗版)
2345,2022-06-13,2022-06-17,空頭,217.93,209.2,土洋雙賣,-4.58,-4006.19,4,整套換方案B(失敗版)
2317,2022-05-09,2022-06-20,空頭,86.19,90.34,觸發停損,4.18,4508.39,42,整套換方案B(失敗版)
3680,2022-05-30,2022-06-20,多頭,232.51,201.99,觸發停損,-13.65,-14052.64,21,整套換方案B(失敗版)
2404,2022-06-13,2022-06-20,空頭,139.79,132.22,觸發停損,-5.98,-18817.27,7,整套換方案B(失敗版)
3533,2022-06-13,2022-06-20,空頭,706.5,651.07,土洋雙賣,-8.4,-4633.93,7,整套換方案B(失敗版)
2412,2022-06-20,2022-07-20,空頭,103.95,102.87,觸發停損,-1.62,-8335.44,30,整套換方案B(失敗版)
2492,2022-07-25,2022-08-02,多頭,89.68,84.4,積分轉負,-6.45,-8334.28,8,整套換方案B(失敗版)
2449,2022-07-25,2022-08-09,多頭,32.34,31.29,觸發停損,-3.83,-3877.64,15,整套換方案B(失敗版)
3680,2022-08-08,2022-08-11,多頭,228.5,222.1,積分轉負,-3.38,-692.34,3,整套換方案B(失敗版)
1513,2022-08-15,2022-08-17,多頭,58.09,55.67,積分轉負,-4.75,-5565.87,2,整套換方案B(失敗版)
3711,2022-07-25,2022-08-19,多頭,72.67,77.31,積分轉負,5.75,9301.75,25,整套換方案B(失敗版)
3081,2022-08-08,2022-08-19,多頭,137.16,158.56,15%停利,14.91,14987.76,11,整套換方案B(失敗版)
8050,2022-08-22,2022-08-24,多頭,58.74,57.93,土洋雙賣,-1.98,-2096.44,2,整套換方案B(失敗版)
1513,2022-08-22,2022-08-26,多頭,58.72,57.64,積分轉負,-2.42,-2738.79,4,整套換方案B(失敗版)
3529,2022-08-29,2022-08-30,空頭,1399.11,1341.01,土洋雙賣,-4.73,-1039.44,1,整套換方案B(失敗版)
6533,2022-08-29,2022-09-01,空頭,373.28,369.86,土洋雙賣,-1.51,-2060.84,3,整套換方案B(失敗版)
3374,2022-08-22,2022-09-05,多頭,122.28,114.76,土洋雙賣,-6.72,-7666.64,14,整套換方案B(失敗版)
2353,2022-08-22,2022-09-06,多頭,19.13,18.03,觸發停損,-6.34,-4132.33,15,整套換方案B(失敗版)
3380,2022-07-25,2022-09-14,多頭,27.6,29.78,觸發停損,7.26,8135.49,51,整套換方案B(失敗版)
3680,2022-08-29,2022-09-14,空頭,258.2,269.17,土洋雙賣,3.62,1141.09,16,整套換方案B(失敗版)
3661,2022-08-29,2022-09-16,空頭,841.18,885.98,土洋雙賣,4.7,2111.99,18,整套換方案B(失敗版)
2376,2022-09-19,2022-09-20,空頭,84.7,82.83,土洋雙賣,-2.79,-1672.71,1,整套換方案B(失敗版)
6533,2022-09-05,2022-09-23,空頭,395.43,405.25,土洋雙賣,1.87,1464.28,18,整套換方案B(失敗版)
1503,2022-06-20,2022-09-26,空頭,54.36,54.55,觸發停損,-0.26,-524.97,98,整套換方案B(失敗版)
2382,2022-09-05,2022-09-26,空頭,65.61,63.26,觸發停損,-4.17,-3534.83,21,整套換方案B(失敗版)
2301,2022-09-05,2022-09-28,空頭,58.06,55.06,觸發停損,-5.73,-7968.51,23,整套換方案B(失敗版)
2308,2022-09-19,2022-09-28,空頭,251.78,235.0,觸發停損,-7.22,-4212.47,9,整套換方案B(失敗版)
2368,2022-09-26,2022-09-28,空頭,89.37,82.19,土洋雙賣,-8.59,-9332.03,2,整套換方案B(失敗版)
3017,2022-09-19,2022-10-11,空頭,110.45,99.43,觸發停損,-10.52,-10307.62,22,整套換方案B(失敗版)
5227,2022-09-26,2022-10-11,空頭,73.04,85.89,15%停利,16.89,42811.22,15,整套換方案B(失敗版)
5347,2022-10-03,2022-10-11,空頭,55.81,52.3,觸發停損,-6.86,-2444.12,8,整套換方案B(失敗版)
3533,2022-09-19,2022-10-13,空頭,708.23,650.26,觸發停損,-8.73,-10894.02,24,整套換方案B(失敗版)
2308,2022-10-17,2022-10-19,空頭,252.24,249.92,土洋雙賣,-1.51,-2498.63,2,整套換方案B(失敗版)
3289,2022-10-17,2022-10-19,空頭,64.96,66.56,土洋雙賣,1.85,795.44,2,整套換方案B(失敗版)
6415,2022-10-03,2022-10-20,空頭,412.41,375.98,觸發停損,-9.38,-1637.78,17,整套換方案B(失敗版)
2337,2022-10-17,2022-10-26,空頭,30.52,27.98,土洋雙賣,-8.86,-12139.95,9,整套換方案B(失敗版)
2353,2022-10-03,2022-10-27,空頭,18.58,18.58,土洋雙賣,-0.6,-435.06,24,整套換方案B(失敗版)
6770,2022-10-03,2022-10-28,空頭,28.55,29.44,土洋雙賣,2.51,1276.85,25,整套換方案B(失敗版)
2303,2022-10-24,2022-10-28,空頭,32.1,31.24,土洋雙賣,-3.26,-1853.29,4,整套換方案B(失敗版)
2454,2022-10-24,2022-10-28,空頭,472.26,455.59,土洋雙賣,-4.11,-1632.69,4,整套換方案B(失敗版)
2421,2022-10-24,2022-10-31,空頭,36.98,35.46,土洋雙賣,-4.69,-2281.38,7,整套換方案B(失敗版)
2385,2022-10-31,2022-11-01,空頭,63.32,62.84,土洋雙賣,-1.34,-474.32,1,整套換方案B(失敗版)
3034,2022-10-31,2022-11-03,空頭,189.29,192.43,土洋雙賣,1.05,385.77,3,整套換方案B(失敗版)
2356,2022-10-31,2022-11-04,空頭,21.29,20.76,積分轉負,-3.06,-3597.34,4,整套換方案B(失敗版)
2412,2022-10-31,2022-11-04,空頭,95.16,93.01,積分轉負,-2.84,-1877.6,4,整套換方案B(失敗版)
3189,2022-10-03,2022-11-09,空頭,87.12,104.75,15%停利,19.51,4867.78,37,整套換方案B(失敗版)
6412,2022-10-17,2022-11-10,空頭,55.69,57.68,積分轉負,2.96,9670.12,24,整套換方案B(失敗版)
6533,2022-10-31,2022-11-10,空頭,373.21,443.63,15%停利,18.16,4069.46,10,整套換方案B(失敗版)
3587,2022-10-31,2022-11-15,空頭,117.24,117.28,積分轉負,-0.56,-456.17,15,整套換方案B(失敗版)
6643,2022-11-07,2022-11-18,多頭,279.96,340.69,15%停利,20.97,39165.9,11,整套換方案B(失敗版)
6488,2022-11-14,2022-11-21,多頭,416.24,426.57,積分轉負,1.87,4061.87,7,整套換方案B(失敗版)
5347,2022-11-14,2022-11-21,多頭,69.27,71.76,觸發停損,2.97,691.74,7,整套換方案B(失敗版)
2353,2022-11-07,2022-11-22,多頭,20.58,20.71,積分轉負,0.02,5.1,15,整套換方案B(失敗版)
3529,2022-11-14,2022-11-22,多頭,1374.9,1437.84,積分轉負,3.95,5999.98,8,整套換方案B(失敗版)
5269,2022-11-28,2022-11-30,多頭,690.11,684.56,積分轉負,-1.4,-2601.66,2,整套換方案B(失敗版)
1513,2022-11-21,2022-12-02,多頭,50.01,58.54,15%停利,16.36,2138.97,11,整套換方案B(失敗版)
6223,2022-12-05,2022-12-08,多頭,121.44,120.04,土洋雙賣,-1.74,-2516.39,3,整套換方案B(失敗版)
3227,2022-11-21,2022-12-09,多頭,78.9,80.59,積分轉負,1.53,2620.36,18,整套換方案B(失敗版)
2357,2022-11-21,2022-12-09,多頭,212.04,220.67,積分轉負,3.45,6935.42,18,整套換方案B(失敗版)
8046,2022-12-05,2022-12-09,多頭,279.84,253.7,積分轉負,-9.88,-5369.99,4,整套換方案B(失敗版)
3711,2022-11-21,2022-12-13,多頭,80.91,82.72,土洋雙賣,1.62,2693.65,22,整套換方案B(失敗版)
3587,2022-12-12,2022-12-15,空頭,140.86,137.68,積分轉負,-2.84,-1202.46,3,整套換方案B(失敗版)
1513,2022-12-12,2022-12-16,空頭,57.28,61.32,土洋雙賣,6.41,3141.97,4,整套換方案B(失敗版)
6412,2022-12-12,2022-12-20,空頭,60.66,57.6,觸發停損,-5.61,-8353.36,8,整套換方案B(失敗版)
8299,2022-12-12,2022-12-21,空頭,282.64,276.91,土洋雙賣,-2.61,-2364.54,9,整套換方案B(失敗版)
8050,2022-12-12,2022-12-22,空頭,69.39,63.23,觸發停損,-9.42,-5378.93,10,整套換方案B(失敗版)
3443,2022-12-19,2022-12-26,空頭,781.65,671.91,觸發停損,-14.55,-3378.31,7,整套換方案B(失敗版)
2404,2022-12-19,2022-12-27,空頭,153.34,147.82,土洋雙賣,-4.18,-1358.39,8,整套換方案B(失敗版)
2385,2022-12-12,2022-12-30,空頭,67.08,68.22,土洋雙賣,1.08,2402.61,18,整套換方案B(失敗版)
1513,2022-12-26,2023-01-06,空頭,59.71,65.27,土洋雙賣,8.67,2143.76,11,整套換方案B(失敗版)
2357,2022-12-26,2023-01-11,空頭,222.73,221.08,積分轉負,-1.33,-767.97,16,整套換方案B(失敗版)
2412,2022-12-12,2023-01-12,空頭,95.84,97.3,積分轉負,0.91,1747.24,31,整套換方案B(失敗版)
2356,2022-12-26,2023-01-12,空頭,22.93,22.47,觸發停損,-2.6,-2619.83,17,整套換方案B(失敗版)
2324,2022-12-26,2023-01-12,空頭,19.71,19.45,積分轉負,-1.89,-1068.42,17,整套換方案B(失敗版)
6415,2023-01-16,2023-01-31,多頭,504.22,583.88,15%停利,15.11,17725.5,15,整套換方案B(失敗版)
5269,2023-01-16,2023-02-02,多頭,748.31,887.81,15%停利,17.93,6786.1,17,整套換方案B(失敗版)
3105,2023-01-09,2023-02-03,多頭,165.3,177.42,積分轉負,6.69,14169.73,25,整套換方案B(失敗版)
6488,2023-01-16,2023-02-07,多頭,449.78,479.41,積分轉負,5.95,14756.81,22,整套換方案B(失敗版)
3529,2023-02-06,2023-02-09,多頭,1684.74,1602.44,積分轉負,-5.45,-5050.75,3,整套換方案B(失敗版)
3653,2023-02-06,2023-02-09,多頭,392.99,381.5,積分轉負,-3.5,-3494.38,3,整套換方案B(失敗版)
3661,2023-02-06,2023-02-14,多頭,910.38,889.89,積分轉負,-2.84,-2482.56,8,整套換方案B(失敗版)
6531,2023-02-20,2023-02-22,多頭,261.24,248.64,土洋雙賣,-5.39,-4585.88,2,整套換方案B(失敗版)
2449,2023-02-06,2023-03-06,多頭,33.44,38.77,15%停利,15.26,19170.54,28,整套換方案B(失敗版)
2385,2023-02-13,2023-03-16,多頭,71.3,71.14,觸發停損,-0.82,-2615.58,31,整套換方案B(失敗版)
3231,2022-12-19,2023-03-17,空頭,26.82,31.04,15%停利,15.04,16626.01,88,整套換方案B(失敗版)
2324,2023-02-13,2023-03-20,多頭,20.31,20.57,觸發停損,0.66,839.08,35,整套換方案B(失敗版)
6531,2023-03-20,2023-03-21,空頭,302.76,303.22,土洋雙賣,-0.45,-137.11,1,整套換方案B(失敗版)
2449,2023-03-06,2023-03-27,多頭,38.77,41.08,積分轉負,5.32,11995.58,21,整套換方案B(失敗版)
3443,2023-03-20,2023-03-29,空頭,1126.27,972.25,積分轉負,-14.19,-3338.57,9,整套換方案B(失敗版)
6643,2023-03-20,2023-03-29,空頭,465.12,445.12,積分轉負,-4.87,-3135.53,9,整套換方案B(失敗版)
6669,2023-03-20,2023-03-30,空頭,867.84,1004.45,15%停利,15.05,13572.57,10,整套換方案B(失敗版)
2356,2023-03-20,2023-04-06,空頭,25.43,29.76,15%停利,16.32,30794.7,17,整套換方案B(失敗版)
6274,2023-03-20,2023-04-07,空頭,60.98,61.6,積分轉負,0.41,296.71,18,整套換方案B(失敗版)
3680,2023-03-20,2023-04-13,空頭,326.54,332.59,積分轉負,1.24,939.34,24,整套換方案B(失敗版)
1513,2023-04-10,2023-04-13,多頭,91.13,96.97,觸發停損,5.77,9850.34,3,整套換方案B(失敗版)
3653,2023-03-27,2023-04-14,多頭,467.19,459.05,積分轉負,-2.33,-6857.08,18,整套換方案B(失敗版)
2455,2023-04-10,2023-04-14,多頭,93.62,88.46,積分轉負,-6.07,-6429.82,4,整套換方案B(失敗版)
2376,2023-04-10,2023-04-14,多頭,121.31,119.53,積分轉負,-2.05,-3520.55,4,整套換方案B(失敗版)
2324,2023-04-10,2023-04-14,多頭,21.98,21.64,積分轉負,-2.15,-632.3,4,整套換方案B(失敗版)
2345,2023-04-17,2023-04-20,多頭,294.81,281.15,土洋雙賣,-5.2,-1930.77,3,整套換方案B(失敗版)
8081,2023-04-17,2023-04-21,多頭,150.81,144.54,土洋雙賣,-4.73,-6718.09,4,整套換方案B(失敗版)
6415,2023-04-17,2023-04-21,多頭,503.78,469.48,土洋雙賣,-7.37,-7799.5,4,整套換方案B(失敗版)
8086,2023-04-17,2023-04-24,多頭,92.03,86.54,土洋雙賣,-6.53,-5975.32,7,整套換方案B(失敗版)
6719,2023-04-17,2023-04-25,多頭,319.25,295.01,觸發停損,-8.14,-9569.13,8,整套換方案B(失敗版)
3005,2023-04-17,2023-04-25,多頭,50.86,49.65,土洋雙賣,-2.98,-4201.58,8,整套換方案B(失敗版)
2368,2023-04-24,2023-05-04,空頭,96.83,92.25,土洋雙賣,-5.3,-2229.94,10,整套換方案B(失敗版)
1503,2023-05-08,2023-05-10,多頭,112.63,107.98,土洋雙賣,-4.71,-1875.34,2,整套換方案B(失敗版)
2382,2023-04-24,2023-05-12,空頭,75.48,89.97,15%停利,18.49,27044.5,18,整套換方案B(失敗版)
6830,2023-04-24,2023-05-17,空頭,142.37,130.74,積分轉負,-8.72,-5778.56,23,整套換方案B(失敗版)
2404,2023-04-24,2023-05-17,空頭,175.45,180.99,積分轉負,2.54,5220.21,23,整套換方案B(失敗版)
3661,2023-05-15,2023-05-19,空頭,1317.26,1527.05,15%停利,15.23,6745.56,4,整套換方案B(失敗版)
1519,2023-05-15,2023-05-19,空頭,74.95,88.16,15%停利,16.92,3677.84,4,整套換方案B(失敗版)
2301,2023-04-17,2023-05-24,多頭,67.41,71.44,積分轉負,5.34,10974.0,37,整套換方案B(失敗版)
2382,2023-05-15,2023-05-25,空頭,86.52,100.61,15%停利,15.6,9885.76,10,整套換方案B(失敗版)
3363,2023-05-22,2023-05-25,多頭,40.93,38.39,積分轉負,-6.77,-11316.87,3,整套換方案B(失敗版)
2357,2023-05-15,2023-05-30,空頭,249.44,249.85,積分轉負,-0.43,-134.95,15,整套換方案B(失敗版)
3653,2023-05-29,2023-06-01,多頭,589.73,577.28,積分轉負,-2.7,-5697.66,3,整套換方案B(失敗版)
2368,2023-05-22,2023-06-05,多頭,108.27,126.88,15%停利,16.48,4880.0,14,整套換方案B(失敗版)
8046,2023-04-24,2023-06-07,空頭,241.44,261.36,觸發停損,7.6,10535.32,44,整套換方案B(失敗版)
1503,2023-05-22,2023-06-09,多頭,127.52,141.48,積分轉負,10.29,20762.85,18,整套換方案B(失敗版)
2376,2023-06-05,2023-06-13,多頭,187.97,217.74,15%停利,15.15,25124.96,8,整套換方案B(失敗版)
8210,2023-06-05,2023-06-15,多頭,108.2,128.25,15%停利,17.83,18748.56,10,整套換方案B(失敗版)
2382,2023-06-12,2023-06-16,多頭,114.35,132.08,15%停利,14.81,7367.83,4,整套換方案B(失敗版)
2449,2023-05-29,2023-06-20,多頭,45.11,46.88,積分轉負,3.29,7704.43,22,整套換方案B(失敗版)
2360,2023-06-19,2023-06-26,多頭,236.51,228.26,積分轉負,-4.07,-1388.01,7,整套換方案B(失敗版)
2317,2023-06-26,2023-06-29,多頭,100.66,98.48,土洋雙賣,-2.75,-3523.64,3,整套換方案B(失敗版)
2455,2023-06-12,2023-07-03,多頭,114.32,113.59,積分轉負,-1.24,-1909.3,21,整套換方案B(失敗版)
3035,2023-06-19,2023-07-03,多頭,188.88,219.15,15%停利,15.34,31389.87,14,整套換方案B(失敗版)
3680,2023-06-26,2023-07-05,多頭,397.68,387.38,積分轉負,-3.17,-4651.78,9,整套換方案B(失敗版)
2382,2023-06-19,2023-07-07,多頭,132.96,142.27,觸發停損,6.36,8473.1,18,整套換方案B(失敗版)
8996,2023-07-03,2023-07-07,多頭,360.1,345.58,土洋雙賣,-4.61,-6215.06,4,整套換方案B(失敗版)
2383,2023-06-12,2023-07-10,多頭,222.99,262.76,15%停利,17.13,28778.21,28,整套換方案B(失敗版)
8050,2023-07-03,2023-07-10,多頭,80.04,72.77,觸發停損,-9.62,-3121.52,7,整套換方案B(失敗版)
3035,2023-07-03,2023-07-11,多頭,219.15,251.83,土洋雙賣,14.22,26186.35,8,整套換方案B(失敗版)
6669,2023-07-03,2023-07-12,多頭,1388.23,1611.09,15%停利,15.36,24726.79,9,整套換方案B(失敗版)
4979,2023-07-10,2023-07-14,空頭,136.93,164.94,15%停利,19.74,13737.52,4,整套換方案B(失敗版)
6274,2023-07-10,2023-07-17,空頭,77.6,97.86,15%停利,25.35,33057.47,7,整套換方案B(失敗版)
2353,2023-07-10,2023-07-18,空頭,29.31,35.87,15%停利,21.66,34764.41,8,整套換方案B(失敗版)
6182,2023-07-10,2023-07-20,空頭,44.58,44.83,積分轉負,-0.04,-105.81,10,整套換方案B(失敗版)
2383,2023-07-10,2023-07-24,空頭,275.05,337.56,15%停利,21.99,23888.08,14,整套換方案B(失敗版)
6274,2023-07-17,2023-07-24,多頭,97.86,112.64,15%停利,14.41,35262.01,7,整套換方案B(失敗版)
8996,2023-07-24,2023-07-26,多頭,407.05,363.0,積分轉負,-11.35,-21356.48,2,整套換方案B(失敗版)
2345,2023-07-24,2023-07-28,多頭,378.17,367.34,積分轉負,-3.45,-7778.91,4,整套換方案B(失敗版)
4979,2023-07-24,2023-08-01,多頭,180.37,165.91,積分轉負,-8.57,-10514.49,8,整套換方案B(失敗版)
2421,2023-07-24,2023-08-01,多頭,129.69,117.49,積分轉負,-9.95,-15517.21,8,整套換方案B(失敗版)
2059,2023-07-24,2023-08-02,多頭,947.38,785.82,觸發停損,-17.55,-27130.89,9,整套換方案B(失敗版)
6187,2023-07-31,2023-08-04,多頭,135.98,117.78,土洋雙賣,-13.9,-4113.03,4,整套換方案B(失敗版)
1519,2023-07-17,2023-08-07,多頭,155.26,151.7,土洋雙賣,-2.88,-6927.3,21,整套換方案B(失敗版)
2404,2023-07-10,2023-08-22,空頭,192.66,192.06,觸發停損,-0.91,-2644.33,43,整套換方案B(失敗版)
2449,2023-08-07,2023-08-23,空頭,57.6,67.66,15%停利,16.76,9491.21,16,整套換方案B(失敗版)
3044,2023-07-31,2023-08-24,多頭,152.16,177.37,15%停利,15.87,56364.95,24,整套換方案B(失敗版)
2357,2023-08-07,2023-08-28,空頭,322.21,349.64,觸發停損,7.86,5882.94,21,整套換方案B(失敗版)
2412,2023-08-28,2023-09-01,空頭,104.56,103.89,積分轉負,-1.23,-3273.25,4,整套換方案B(失敗版)
8050,2023-08-07,2023-09-04,空頭,87.99,87.13,積分轉負,-1.57,-671.08,28,整套換方案B(失敗版)
2303,2023-08-28,2023-09-08,空頭,39.41,39.98,積分轉負,0.84,917.69,11,整套換方案B(失敗版)
8081,2023-08-07,2023-09-12,空頭,185.55,219.18,15%停利,17.42,24129.67,36,整套換方案B(失敗版)
6830,2023-08-07,2023-09-12,空頭,175.52,153.46,觸發停損,-13.09,-5193.5,36,整套換方案B(失敗版)
6412,2023-08-07,2023-09-21,空頭,101.22,97.06,觸發停損,-4.69,-3876.12,45,整套換方案B(失敗版)
2337,2023-08-28,2023-09-21,空頭,31.16,32.94,土洋雙賣,5.07,6818.14,24,整套換方案B(失敗版)
6257,2023-09-04,2023-09-21,多頭,51.96,51.69,觸發停損,-1.12,-1192.21,17,整套換方案B(失敗版)
3711,2023-08-28,2023-09-22,空頭,109.42,103.64,土洋雙賣,-5.85,-5318.23,25,整套換方案B(失敗版)
8299,2023-09-04,2023-09-22,多頭,392.32,419.85,土洋雙賣,6.38,28347.44,18,整套換方案B(失敗版)
6531,2023-09-18,2023-09-26,多頭,354.06,367.4,土洋雙賣,3.15,6205.55,8,整套換方案B(失敗版)
5388,2023-09-25,2023-09-27,空頭,117.32,111.0,土洋雙賣,-5.95,-3678.9,2,整套換方案B(失敗版)
4966,2023-09-25,2023-09-28,空頭,968.87,930.11,土洋雙賣,-4.57,-1720.96,3,整套換方案B(失敗版)
2368,2023-09-25,2023-10-02,空頭,199.42,205.58,土洋雙賣,2.47,3406.5,7,整套換方案B(失敗版)
1560,2023-10-02,2023-10-04,空頭,153.95,150.56,土洋雙賣,-2.78,-3964.3,2,整套換方案B(失敗版)
6274,2023-09-25,2023-10-05,空頭,125.21,134.33,土洋雙賣,6.64,7509.14,10,整套換方案B(失敗版)
6531,2023-10-02,2023-10-11,空頭,377.41,354.54,積分轉負,-6.62,-4257.51,9,整套換方案B(失敗版)
2382,2023-10-02,2023-10-12,空頭,222.56,210.97,積分轉負,-5.78,-13763.89,10,整套換方案B(失敗版)
2345,2023-09-25,2023-10-18,空頭,465.66,464.71,觸發停損,-0.8,-1175.67,23,整套換方案B(失敗版)
3706,2023-10-02,2023-10-18,空頭,36.76,32.94,觸發停損,-10.91,-33833.51,16,整套換方案B(失敗版)
3035,2023-10-16,2023-10-19,多頭,336.42,329.69,土洋雙賣,-2.59,-5280.02,3,整套換方案B(失敗版)
2337,2023-10-23,2023-10-25,空頭,32.1,29.11,觸發停損,-9.87,-6548.82,2,整套換方案B(失敗版)
6510,2023-10-16,2023-10-27,多頭,570.92,483.32,觸發停損,-15.85,-22037.42,11,整套換方案B(失敗版)
6182,2023-10-23,2023-10-31,空頭,45.55,42.86,觸發停損,-6.46,-10563.41,8,整套換方案B(失敗版)
2404,2023-10-23,2023-11-08,空頭,210.33,213.6,積分轉負,0.95,1930.67,16,整套換方案B(失敗版)
6139,2023-10-30,2023-11-08,空頭,122.42,118.74,積分轉負,-3.59,-434.73,9,整套換方案B(失敗版)
2385,2023-10-23,2023-11-09,空頭,106.48,124.28,15%停利,16.02,29842.94,17,整套換方案B(失敗版)
2458,2023-09-11,2023-11-10,空頭,122.61,124.92,積分轉負,1.28,1412.45,60,整套換方案B(失敗版)
4979,2023-10-30,2023-11-10,空頭,157.17,165.91,觸發停損,4.93,835.61,11,整套換方案B(失敗版)
6239,2023-09-25,2023-11-13,空頭,92.17,94.94,積分轉負,2.39,6465.44,49,整套換方案B(失敗版)
6669,2023-11-13,2023-11-17,多頭,1801.45,1699.3,積分轉負,-6.23,-9224.03,4,整套換方案B(失敗版)
6415,2023-11-13,2023-11-17,多頭,346.96,410.18,15%停利,17.51,26416.99,4,整套換方案B(失敗版)
2313,2023-10-23,2023-11-20,空頭,49.53,58.7,15%停利,17.81,24443.25,28,整套換方案B(失敗版)
3044,2023-11-13,2023-11-20,多頭,177.82,173.32,積分轉負,-3.11,-5366.05,7,整套換方案B(失敗版)
2449,2023-11-13,2023-11-20,多頭,77.18,73.98,積分轉負,-4.73,-1924.3,7,整套換方案B(失敗版)
5269,2023-11-13,2023-11-21,多頭,1362.67,1409.82,積分轉負,2.84,3367.78,8,整套換方案B(失敗版)
6415,2023-11-20,2023-11-24,多頭,404.79,403.81,積分轉負,-0.84,-1107.57,4,整套換方案B(失敗版)
2313,2023-11-20,2023-11-28,多頭,58.7,69.13,15%停利,17.07,28440.08,8,整套換方案B(失敗版)
5347,2023-11-20,2023-11-28,多頭,70.41,71.41,積分轉負,0.8,1886.56,8,整套換方案B(失敗版)
6414,2023-11-20,2023-12-05,多頭,247.69,237.89,積分轉負,-4.53,-6798.19,15,整套換方案B(失敗版)
2385,2023-11-13,2023-12-06,多頭,127.26,148.12,15%停利,15.69,32865.76,23,整套換方案B(失敗版)
2492,2023-12-04,2023-12-06,多頭,133.1,126.94,積分轉負,-5.2,-10980.14,2,整套換方案B(失敗版)
1519,2023-12-04,2023-12-07,多頭,223.57,260.41,15%停利,15.78,24093.22,3,整套換方案B(失敗版)
6488,2023-12-04,2023-12-07,多頭,546.4,533.41,積分轉負,-2.96,-2004.89,3,整套換方案B(失敗版)
6412,2023-11-06,2023-12-08,多頭,114.18,121.65,觸發停損,5.9,9694.06,32,整套換方案B(失敗版)
1513,2023-11-27,2023-12-13,多頭,109.55,114.62,積分轉負,4.0,10102.58,16,整套換方案B(失敗版)
8086,2023-12-11,2023-12-13,多頭,137.7,133.29,積分轉負,-3.78,-2912.91,2,整套換方案B(失敗版)
6239,2023-12-11,2023-12-14,多頭,109.65,132.38,15%停利,20.01,38597.89,3,整套換方案B(失敗版)
6643,2023-12-11,2023-12-18,多頭,928.21,809.93,觸發停損,-13.27,-13575.64,7,整套換方案B(失敗版)
8299,2023-12-11,2023-12-18,多頭,476.29,477.2,積分轉負,-0.41,-714.49,7,整套換方案B(失敗版)
3037,2023-12-11,2023-12-19,多頭,172.5,169.11,積分轉負,-2.55,-4079.41,8,整套換方案B(失敗版)
4966,2023-12-11,2023-12-20,多頭,1072.85,1105.93,積分轉負,2.47,2726.18,9,整套換方案B(失敗版)
6488,2023-12-11,2023-12-20,多頭,546.4,568.67,積分轉負,3.45,6266.48,9,整套換方案B(失敗版)
2385,2023-12-18,2023-12-21,多頭,154.5,149.82,積分轉負,-3.61,-5430.66,3,整套換方案B(失敗版)
2353,2023-12-18,2023-12-22,多頭,34.63,40.32,15%停利,15.76,40511.94,4,整套換方案B(失敗版)
6257,2023-12-18,2023-12-28,多頭,61.9,59.64,積分轉負,-4.23,-346.44,10,整套換方案B(失敗版)
6415,2023-12-25,2023-12-29,多頭,423.41,490.06,15%停利,15.05,23052.25,4,整套換方案B(失敗版)
2357,2023-12-18,2024-01-03,多頭,369.93,401.44,觸發停損,7.87,18724.43,16,整套換方案B(失敗版)
3231,2023-12-25,2024-01-03,多頭,87.98,85.15,土洋雙賣,-3.79,-9231.6,9,整套換方案B(失敗版)
6669,2023-12-25,2024-01-03,多頭,1694.66,1573.94,土洋雙賣,-7.68,-13891.7,9,整套換方案B(失敗版)
3653,2023-12-18,2024-01-04,多頭,703.09,685.52,觸發停損,-3.08,-5575.95,17,整套換方案B(失敗版)
1560,2023-12-25,2024-01-05,多頭,179.7,177.27,土洋雙賣,-1.94,-1769.76,11,整套換方案B(失敗版)
2301,2024-01-08,2024-01-10,空頭,103.96,97.15,土洋雙賣,-7.11,-5750.95,2,整套換方案B(失敗版)
2330,2024-01-08,2024-01-10,空頭,562.18,561.7,土洋雙賣,-0.68,-1143.13,2,整套換方案B(失敗版)
5269,2024-01-08,2024-01-12,空頭,1747.22,1735.16,土洋雙賣,-1.28,-1043.15,4,整套換方案B(失敗版)
6139,2024-01-08,2024-01-17,空頭,153.67,149.12,土洋雙賣,-3.54,-2557.86,9,整套換方案B(失敗版)
6531,2024-01-15,2024-01-17,空頭,516.07,508.93,土洋雙賣,-1.97,-4261.8,2,整套換方案B(失敗版)
2458,2023-12-25,2024-01-18,多頭,143.46,134.19,土洋雙賣,-7.02,-16152.78,24,整套換方案B(失敗版)
2385,2024-01-08,2024-01-22,空頭,155.8,145.99,積分轉負,-6.85,-7768.84,14,整套換方案B(失敗版)
1560,2024-01-15,2024-01-25,空頭,189.97,181.64,積分轉負,-4.96,-17274.34,10,整套換方案B(失敗版)
2059,2024-01-22,2024-01-26,多頭,1051.25,977.91,積分轉負,-7.53,-8782.82,4,整套換方案B(失敗版)
3034,2024-01-08,2024-01-29,空頭,430.33,446.83,積分轉負,3.21,4666.24,21,整套換方案B(失敗版)
6643,2024-01-15,2024-01-29,空頭,1099.71,1322.5,15%停利,19.54,46990.77,14,整套換方案B(失敗版)
3189,2024-01-08,2024-02-01,空頭,95.48,98.17,積分轉負,2.19,3812.07,24,整套換方案B(失敗版)
3231,2024-01-22,2024-02-01,多頭,106.1,104.73,積分轉負,-1.88,-5120.72,10,整套換方案B(失敗版)
1519,2024-01-29,2024-02-01,多頭,285.69,352.51,15%停利,22.65,19560.23,3,整套換方案B(失敗版)
2330,2024-01-29,2024-02-01,多頭,623.26,604.02,積分轉負,-3.67,-9421.15,3,整套換方案B(失敗版)
2421,2024-01-29,2024-02-15,多頭,105.74,124.72,15%停利,17.24,14763.56,17,整套換方案B(失敗版)
3231,2024-02-05,2024-02-20,多頭,113.38,111.11,積分轉負,-2.59,-6724.64,15,整套換方案B(失敗版)
2383,2024-02-05,2024-02-21,多頭,480.2,475.38,積分轉負,-1.6,-3709.27,16,整套換方案B(失敗版)
2376,2024-02-19,2024-02-21,多頭,332.66,315.42,積分轉負,-5.75,-5773.42,2,整套換方案B(失敗版)
5434,2024-01-29,2024-02-22,多頭,169.54,174.48,積分轉負,2.3,4469.37,24,整套換方案B(失敗版)
3081,2024-02-05,2024-02-22,多頭,118.76,140.89,15%停利,17.92,50662.47,17,整套換方案B(失敗版)
3037,2024-01-29,2024-02-27,多頭,172.5,173.47,觸發停損,-0.04,-51.94,29,整套換方案B(失敗版)
2313,2024-01-29,2024-02-27,多頭,66.15,70.25,觸發停損,5.56,6826.27,29,整套換方案B(失敗版)
3131,2024-02-26,2024-03-05,多頭,805.84,956.1,15%停利,17.94,29104.5,8,整套換方案B(失敗版)
6719,2024-02-26,2024-03-07,多頭,296.05,280.14,積分轉負,-5.94,-15573.21,10,整套換方案B(失敗版)
1519,2024-02-26,2024-03-08,多頭,388.63,362.63,積分轉負,-7.25,-9395.57,11,整套換方案B(失敗版)
3653,2024-02-26,2024-03-11,多頭,893.51,929.65,積分轉負,3.42,6335.2,14,整套換方案B(失敗版)
2455,2024-03-04,2024-03-11,多頭,172.77,163.7,積分轉負,-5.82,-21384.0,7,整套換方案B(失敗版)
2449,2024-03-11,2024-03-13,多頭,96.14,96.59,積分轉負,-0.14,-160.09,2,整套換方案B(失敗版)
6274,2024-02-05,2024-03-14,多頭,136.64,144.03,積分轉負,4.77,1174.53,38,整套換方案B(失敗版)
2454,2024-02-26,2024-03-15,多頭,1021.85,1040.18,積分轉負,1.18,3084.01,18,整套換方案B(失敗版)
2317,2024-03-11,2024-03-15,多頭,100.04,120.6,15%停利,19.83,63382.53,4,整套換方案B(失敗版)
2404,2024-03-11,2024-03-15,多頭,338.86,301.06,觸發停損,-11.69,-19808.93,4,整套換方案B(失敗版)
2385,2024-03-11,2024-03-18,多頭,186.85,215.37,15%停利,14.57,18083.79,7,整套換方案B(失敗版)
5269,2024-03-18,2024-03-20,多頭,2168.96,2074.65,積分轉負,-4.92,-5220.57,2,整套換方案B(失敗版)
1503,2024-03-18,2024-03-21,多頭,212.52,251.15,15%停利,17.47,16590.28,3,整套換方案B(失敗版)
3034,2024-03-18,2024-03-25,多頭,519.87,506.12,積分轉負,-3.23,-5976.45,7,整套換方案B(失敗版)
8046,2024-03-18,2024-03-25,多頭,202.59,200.19,積分轉負,-1.78,-3665.12,7,整套換方案B(失敗版)
3037,2024-03-11,2024-03-26,多頭,171.53,184.13,觸發停損,6.7,11737.32,15,整套換方案B(失敗版)
5347,2024-03-18,2024-03-27,多頭,75.74,77.82,積分轉負,2.13,4917.84,9,整套換方案B(失敗版)
3587,2024-03-25,2024-03-29,多頭,241.63,240.74,積分轉負,-0.97,-1091.06,4,整套換方案B(失敗版)
3324,2024-03-11,2024-04-01,多頭,606.16,697.86,15%停利,14.44,13801.74,21,整套換方案B(失敗版)
2317,2024-03-18,2024-04-02,多頭,124.25,145.27,15%停利,16.21,28522.2,15,整套換方案B(失敗版)
2421,2024-03-25,2024-04-03,多頭,113.42,116.14,積分轉負,1.78,4293.42,9,整套換方案B(失敗版)
3533,2024-03-25,2024-04-09,多頭,1304.38,1529.6,15%停利,16.56,31045.06,15,整套換方案B(失敗版)
2492,2024-04-01,2024-04-09,多頭,117.47,111.31,積分轉負,-5.81,-18456.74,8,整套換方案B(失敗版)
6213,2024-04-01,2024-04-10,多頭,102.58,118.88,15%停利,15.19,45245.72,9,整套換方案B(失敗版)
3413,2024-04-01,2024-04-10,多頭,270.55,265.66,積分轉負,-2.4,-691.63,9,整套換方案B(失敗版)
6274,2024-03-25,2024-04-11,多頭,155.11,170.8,積分轉負,9.46,21563.87,17,整套換方案B(失敗版)
6139,2024-04-08,2024-04-12,多頭,269.23,339.21,15%停利,25.24,60578.76,4,整套換方案B(失敗版)
3231,2024-04-08,2024-04-16,多頭,120.21,103.82,觸發停損,-14.15,-29746.51,8,整套換方案B(失敗版)
6139,2024-04-15,2024-04-17,多頭,305.38,316.04,土洋雙賣,2.87,2094.35,2,整套換方案B(失敗版)
3711,2024-04-15,2024-04-18,多頭,148.06,139.73,土洋雙賣,-6.19,-9571.57,3,整套換方案B(失敗版)
6415,2024-04-15,2024-04-19,多頭,390.89,331.25,觸發停損,-15.77,-18089.79,4,整套換方案B(失敗版)
3017,2024-04-15,2024-04-19,多頭,603.54,617.26,土洋雙賣,1.66,1366.06,4,整套換方案B(失敗版)
6515,2024-04-15,2024-04-23,多頭,851.99,746.1,觸發停損,-12.95,-15274.37,8,整套換方案B(失敗版)
4958,2024-04-22,2024-04-23,空頭,104.24,104.7,土洋雙賣,-0.16,-54.05,1,整套換方案B(失敗版)
5434,2024-04-15,2024-04-25,多頭,223.05,223.05,土洋雙賣,-0.6,-853.94,10,整套換方案B(失敗版)
2492,2024-04-22,2024-04-25,空頭,102.66,101.84,土洋雙賣,-1.4,-1521.61,3,整套換方案B(失敗版)
2395,2024-04-22,2024-05-02,空頭,345.21,332.66,土洋雙賣,-4.21,-5264.85,10,整套換方案B(失敗版)
3532,2024-04-29,2024-05-03,多頭,171.55,162.1,積分轉負,-6.07,-11328.92,4,整套換方案B(失敗版)
6182,2024-04-15,2024-05-06,多頭,39.42,38.34,積分轉負,-3.32,-10465.31,21,整套換方案B(失敗版)
2301,2024-04-22,2024-05-06,空頭,91.15,92.16,積分轉負,0.51,715.01,14,整套換方案B(失敗版)
3443,2024-04-29,2024-05-10,多頭,1321.21,1233.78,積分轉負,-7.18,-13934.67,11,整套換方案B(失敗版)
2360,2024-05-06,2024-05-10,多頭,248.63,239.65,積分轉負,-4.19,-7042.82,4,整套換方案B(失敗版)
6214,2024-05-06,2024-05-10,多頭,110.8,107.73,積分轉負,-3.35,-4469.65,4,整套換方案B(失敗版)
2412,2024-04-22,2024-05-15,空頭,111.43,111.92,積分轉負,-0.16,-682.32,23,整套換方案B(失敗版)
2357,2024-05-06,2024-05-16,多頭,387.2,445.47,15%停利,14.36,38772.85,10,整套換方案B(失敗版)
2317,2024-05-06,2024-05-20,多頭,153.03,153.03,積分轉負,-0.6,-1015.12,14,整套換方案B(失敗版)
6269,2024-05-13,2024-05-21,多頭,95.81,92.58,積分轉負,-3.94,-3617.65,8,整套換方案B(失敗版)
8996,2024-04-29,2024-05-23,多頭,385.98,468.28,15%停利,20.59,38669.06,24,整套換方案B(失敗版)
2376,2024-05-20,2024-05-24,多頭,294.99,289.55,積分轉負,-2.43,-4773.25,4,整套換方案B(失敗版)
2454,2024-05-13,2024-05-27,多頭,1021.85,1177.65,15%停利,14.56,33264.22,14,整套換方案B(失敗版)
8210,2024-05-13,2024-05-30,多頭,285.02,302.27,觸發停損,5.42,8106.27,17,整套換方案B(失敗版)
6415,2024-05-27,2024-05-30,多頭,471.24,461.38,積分轉負,-2.68,-5166.36,3,整套換方案B(失敗版)
2458,2024-05-27,2024-05-31,多頭,155.62,146.63,土洋雙賣,-6.34,-3075.91,4,整套換方案B(失敗版)
2303,2024-05-20,2024-06-03,多頭,46.45,48.12,積分轉負,2.96,10045.58,14,整套換方案B(失敗版)
5347,2024-05-20,2024-06-04,多頭,89.28,92.98,積分轉負,3.52,7517.18,15,整套換方案B(失敗版)
1560,2024-06-03,2024-06-05,多頭,281.69,273.44,積分轉負,-3.51,-7075.18,2,整套換方案B(失敗版)
3013,2024-06-03,2024-06-07,多頭,93.65,90.68,積分轉負,-3.74,-6365.99,4,整套換方案B(失敗版)
5483,2024-06-03,2024-06-07,多頭,193.44,189.37,積分轉負,-2.69,-9921.26,4,整套換方案B(失敗版)
2345,2024-05-27,2024-06-11,多頭,493.51,507.92,積分轉負,2.3,5803.77,15,整套換方案B(失敗版)
3443,2024-05-20,2024-06-14,多頭,1418.36,1535.14,積分轉負,7.59,11754.44,25,整套換方案B(失敗版)
2454,2024-05-27,2024-06-19,多頭,1177.65,1360.94,15%停利,14.87,40703.55,23,整套換方案B(失敗版)
3529,2024-06-17,2024-06-21,多頭,2659.64,2556.97,積分轉負,-4.44,-5169.27,4,整套換方案B(失敗版)
3081,2024-06-17,2024-06-21,多頭,133.22,155.79,15%停利,16.25,17041.47,4,整套換方案B(失敗版)
3034,2024-06-17,2024-06-21,多頭,534.47,531.04,積分轉負,-1.24,-2972.19,4,整套換方案B(失敗版)
4958,2024-06-17,2024-06-24,多頭,115.26,119.53,積分轉負,3.08,4319.94,7,整套換方案B(失敗版)
6415,2024-06-17,2024-06-25,多頭,517.58,492.93,積分轉負,-5.33,-5297.81,8,整套換方案B(失敗版)
3035,2024-06-17,2024-06-25,多頭,313.35,301.82,積分轉負,-4.26,-5958.39,8,整套換方案B(失敗版)
2455,2024-06-24,2024-06-26,多頭,166.78,152.76,積分轉負,-8.95,-14008.99,2,整套換方案B(失敗版)
2449,2024-06-24,2024-07-02,多頭,102.38,99.26,積分轉負,-3.62,-5928.57,8,整套換方案B(失敗版)
5483,2024-06-24,2024-07-03,多頭,192.98,196.15,積分轉負,1.03,3557.34,9,整套換方案B(失敗版)
5434,2024-07-01,2024-07-03,多頭,259.91,253.85,積分轉負,-2.92,-2295.94,2,整套換方案B(失敗版)
2308,2024-06-17,2024-07-08,多頭,337.76,392.92,15%停利,15.63,24815.46,21,整套換方案B(失敗版)
1503,2024-06-24,2024-07-09,多頭,273.3,272.36,積分轉負,-0.94,-1172.41,15,整套換方案B(失敗版)
2368,2024-06-24,2024-07-11,多頭,195.08,213.59,積分轉負,8.83,18580.7,17,整套換方案B(失敗版)
3131,2024-07-01,2024-07-11,多頭,1354.23,1301.59,積分轉負,-4.46,-7264.39,10,整套換方案B(失敗版)
2317,2024-07-08,2024-07-15,多頭,212.24,202.87,積分轉負,-4.99,-12441.62,7,整套換方案B(失敗版)
6488,2024-07-01,2024-07-17,多頭,531.47,541.82,積分轉負,1.34,5624.79,16,整套換方案B(失敗版)
3013,2024-07-15,2024-07-17,多頭,109.15,131.87,15%停利,20.09,46386.39,2,整套換方案B(失敗版)
4755,2024-07-08,2024-07-19,多頭,141.12,131.21,觸發停損,-7.58,-10093.16,11,整套換方案B(失敗版)
3105,2024-07-08,2024-07-22,多頭,175.73,153.58,觸發停損,-13.13,-28396.3,14,整套換方案B(失敗版)
6223,2024-07-15,2024-07-22,多頭,623.32,521.23,觸發停損,-16.88,-36288.42,7,整套換方案B(失敗版)
2449,2024-07-08,2024-07-26,多頭,118.4,99.06,觸發停損,-16.84,-28142.92,18,整套換方案B(失敗版)
2395,2024-07-22,2024-07-26,空頭,355.11,334.11,觸發停損,-6.48,-6217.16,4,整套換方案B(失敗版)
1513,2024-07-15,2024-07-29,多頭,221.04,182.09,觸發停損,-18.11,-47742.34,14,整套換方案B(失敗版)
3661,2024-07-15,2024-07-29,多頭,2883.85,2452.25,觸發停損,-15.47,-5493.96,14,整套換方案B(失敗版)
3131,2024-07-22,2024-07-29,空頭,1445.76,1402.08,土洋雙賣,-3.6,-1584.52,7,整套換方案B(失敗版)
6830,2024-07-22,2024-07-29,空頭,141.63,133.64,觸發停損,-6.2,-7102.77,7,整套換方案B(失敗版)
6515,2024-07-29,2024-08-02,空頭,1008.4,923.99,土洋雙賣,-8.92,-12031.53,4,整套換方案B(失敗版)
6183,2024-07-22,2024-08-05,空頭,70.51,67.96,觸發停損,-4.19,-16437.67,14,整套換方案B(失敗版)
2404,2024-07-29,2024-08-05,空頭,313.68,287.35,觸發停損,-8.94,-21161.27,7,整套換方案B(失敗版)
3374,2024-07-29,2024-08-05,空頭,218.94,197.22,觸發停損,-10.46,-11045.18,7,整套換方案B(失敗版)
2308,2024-07-29,2024-08-05,空頭,395.3,343.07,觸發停損,-13.73,-24378.48,7,整套換方案B(失敗版)
3587,2024-07-29,2024-08-05,空頭,254.17,227.57,觸發停損,-11.0,-17151.75,7,整套換方案B(失敗版)
6415,2024-07-29,2024-08-05,空頭,439.66,370.19,觸發停損,-16.3,-11564.82,7,整套換方案B(失敗版)
6187,2024-08-12,2024-08-15,空頭,296.7,341.42,15%停利,14.38,14324.87,3,整套換方案B(失敗版)
5347,2024-08-12,2024-08-15,空頭,111.75,109.33,土洋雙賣,-2.76,-4143.73,3,整套換方案B(失敗版)
3231,2024-08-12,2024-08-20,空頭,95.84,94.21,積分轉負,-2.29,-3249.88,8,整套換方案B(失敗版)
3583,2024-08-12,2024-08-22,空頭,411.78,443.12,積分轉負,6.97,6558.78,10,整套換方案B(失敗版)
3529,2024-08-19,2024-08-26,多頭,2559.8,2500.73,積分轉負,-2.89,-12127.86,7,整套換方案B(失敗版)
1609,2024-08-12,2024-08-27,空頭,50.66,51.48,積分轉負,1.01,1531.48,15,整套換方案B(失敗版)
3587,2024-08-12,2024-08-30,空頭,264.52,271.75,積分轉負,2.12,3007.07,18,整套換方案B(失敗版)
6415,2024-08-26,2024-08-30,多頭,472.72,464.83,積分轉負,-2.26,-3632.55,4,整套換方案B(失敗版)
3380,2024-09-02,2024-09-05,多頭,34.13,31.9,土洋雙賣,-7.1,-17100.65,3,整套換方案B(失敗版)
5434,2024-09-02,2024-09-09,多頭,270.18,257.58,土洋雙賣,-5.23,-3298.04,7,整套換方案B(失敗版)
3227,2024-09-02,2024-09-13,多頭,187.63,215.86,15%停利,14.36,21746.89,11,整套換方案B(失敗版)
6515,2024-09-09,2024-09-16,空頭,1193.54,1392.31,15%停利,15.96,11426.33,7,整套換方案B(失敗版)
2303,2024-08-12,2024-09-20,空頭,50.91,49.69,積分轉負,-2.99,-6585.52,39,整套換方案B(失敗版)
2324,2024-08-26,2024-09-23,多頭,31.32,31.0,積分轉負,-1.63,-4196.64,28,整套換方案B(失敗版)
6438,2024-09-09,2024-09-23,空頭,112.42,130.3,15%停利,15.21,6339.59,14,整套換方案B(失敗版)
3680,2024-09-23,2024-09-25,多頭,574.02,553.76,積分轉負,-4.11,-11005.58,2,整套換方案B(失敗版)
2357,2024-08-26,2024-09-27,多頭,488.31,507.99,積分轉負,3.41,7772.8,32,整套換方案B(失敗版)
3583,2024-09-23,2024-09-27,多頭,443.12,429.92,積分轉負,-3.56,-8107.47,4,整套換方案B(失敗版)
2412,2024-07-22,2024-09-30,空頭,112.71,116.33,積分轉負,2.59,7499.91,70,整套換方案B(失敗版)
6187,2024-09-16,2024-09-30,多頭,454.58,456.51,積分轉負,-0.18,-453.54,14,整套換方案B(失敗版)
8996,2024-09-09,2024-10-04,空頭,376.67,382.56,積分轉負,0.96,1625.63,25,整套換方案B(失敗版)
3081,2024-09-30,2024-10-04,多頭,267.79,313.55,15%停利,16.39,16719.1,4,整套換方案B(失敗版)
5483,2024-09-30,2024-10-07,多頭,164.02,155.68,積分轉負,-5.65,-14628.36,7,整套換方案B(失敗版)
3034,2024-09-30,2024-10-08,多頭,470.01,461.84,積分轉負,-2.33,-5387.41,8,整套換方案B(失敗版)
1519,2024-09-23,2024-10-09,多頭,520.14,492.13,積分轉負,-5.95,-1157.74,16,整套換方案B(失敗版)
8046,2024-09-30,2024-10-09,多頭,140.95,133.54,積分轉負,-5.83,-11033.93,9,整套換方案B(失敗版)
3363,2024-10-07,2024-10-09,多頭,213.5,247.5,15%停利,15.23,37337.7,2,整套換方案B(失敗版)
6139,2024-10-07,2024-10-11,多頭,228.6,212.72,積分轉負,-7.5,-19419.4,4,整套換方案B(失敗版)
4979,2024-09-30,2024-10-17,多頭,142.56,151.93,積分轉負,5.94,5718.89,17,整套換方案B(失敗版)
6438,2024-10-07,2024-10-18,多頭,166.52,200.39,15%停利,19.62,57994.17,11,整套換方案B(失敗版)
2449,2024-10-14,2024-10-25,多頭,116.86,119.14,積分轉負,1.34,2542.95,11,整套換方案B(失敗版)
6669,2024-10-14,2024-10-25,多頭,1877.86,1868.43,積分轉負,-1.1,-2336.97,11,整套換方案B(失敗版)
3017,2024-10-14,2024-10-25,多頭,641.39,658.24,積分轉負,2.01,3235.11,11,整套換方案B(失敗版)
3529,2024-10-21,2024-10-25,多頭,3180.06,3160.37,積分轉負,-1.21,-4629.31,4,整套換方案B(失敗版)
6442,2024-10-14,2024-10-28,多頭,451.74,441.53,觸發停損,-2.85,-4541.72,14,整套換方案B(失敗版)
8114,2024-09-30,2024-11-06,多頭,192.79,189.56,積分轉負,-2.26,-2753.77,37,整套換方案B(失敗版)
6202,2024-10-14,2024-11-13,多頭,55.7,52.1,觸發停損,-7.02,-15572.47,30,整套換方案B(失敗版)
2317,2024-10-28,2024-11-14,多頭,201.47,198.19,土洋雙賣,-2.22,-4175.43,17,整套換方案B(失敗版)
2382,2024-10-21,2024-11-15,多頭,282.85,271.87,觸發停損,-4.46,-3275.09,25,整套換方案B(失敗版)
8050,2024-10-28,2024-11-15,多頭,68.31,64.93,觸發停損,-5.52,-16692.28,18,整套換方案B(失敗版)
2395,2024-10-28,2024-11-15,多頭,305.47,312.16,土洋雙賣,1.58,3110.88,18,整套換方案B(失敗版)
3037,2024-10-28,2024-11-18,多頭,163.65,156.75,土洋雙賣,-4.79,-5643.7,21,整套換方案B(失敗版)
3706,2024-11-18,2024-11-22,空頭,63.75,74.63,15%停利,16.37,21127.28,4,整套換方案B(失敗版)
8114,2024-11-18,2024-11-25,空頭,249.35,288.49,15%停利,15.0,19702.67,7,整套換方案B(失敗版)
2458,2024-10-28,2024-11-28,多頭,141.06,130.89,觸發停損,-7.77,-15051.34,31,整套換方案B(失敗版)
6202,2024-11-18,2024-11-29,空頭,52.95,50.6,土洋雙賣,-5.0,-8015.67,11,整套換方案B(失敗版)
5483,2024-11-18,2024-11-29,空頭,150.45,142.25,土洋雙賣,-6.02,-13117.33,11,整套換方案B(失敗版)
3706,2024-11-25,2024-11-29,空頭,75.83,75.53,土洋雙賣,-1.0,-2152.38,4,整套換方案B(失敗版)
2345,2024-11-18,2024-12-02,空頭,596.5,689.45,15%停利,14.89,22786.13,14,整套換方案B(失敗版)
4979,2024-11-25,2024-12-02,空頭,166.21,191.39,15%停利,14.46,20850.42,7,整套換方案B(失敗版)
2404,2024-11-18,2024-12-05,空頭,367.3,426.61,15%停利,15.45,32185.17,17,整套換方案B(失敗版)
3017,2024-12-02,2024-12-10,空頭,672.12,676.08,積分轉負,-0.01,-4.46,8,整套換方案B(失敗版)
3324,2024-12-02,2024-12-11,空頭,688.1,681.27,積分轉負,-1.58,-580.13,9,整套換方案B(失敗版)
2330,2024-12-02,2024-12-11,空頭,1008.48,1018.22,積分轉負,0.36,261.33,9,整套換方案B(失敗版)
2059,2024-11-11,2024-12-12,多頭,1419.28,1533.02,積分轉負,7.37,15982.23,31,整套換方案B(失敗版)
2383,2024-12-02,2024-12-13,空頭,497.47,591.24,15%停利,18.14,7086.58,11,整套換方案B(失敗版)
3661,2024-12-09,2024-12-17,多頭,2649.9,3288.85,15%停利,23.37,233232.03,8,整套換方案B(失敗版)
2454,2024-12-02,2024-12-20,空頭,1227.12,1302.06,土洋雙賣,5.47,2828.43,18,整套換方案B(失敗版)
2383,2024-12-16,2024-12-25,多頭,602.1,583.35,積分轉負,-3.69,-6968.01,9,整套換方案B(失敗版)
2376,2024-12-23,2024-12-30,多頭,257.67,255.34,積分轉負,-1.5,-2103.7,7,整套換方案B(失敗版)
6415,2024-12-23,2024-12-30,多頭,405.19,398.78,積分轉負,-2.17,-1616.67,7,整套換方案B(失敗版)
2330,2024-12-23,2024-12-31,多頭,1056.37,1051.48,土洋雙賣,-1.06,-1765.42,8,整套換方案B(失敗版)
3044,2024-12-02,2025-01-07,空頭,183.16,184.81,積分轉負,0.3,375.83,36,整套換方案B(失敗版)
4991,2024-12-30,2025-01-07,多頭,131.5,119.0,積分轉負,-10.05,-17451.39,8,整套換方案B(失敗版)
8299,2024-12-30,2025-01-07,多頭,490.15,478.88,積分轉負,-2.88,-12767.53,8,整套換方案B(失敗版)
2308,2024-12-16,2025-01-09,多頭,416.38,408.07,土洋雙賣,-2.58,-6919.38,24,整套換方案B(失敗版)
8046,2025-01-06,2025-01-10,多頭,137.49,126.12,土洋雙賣,-8.82,-14559.54,4,整套換方案B(失敗版)
6412,2025-01-13,2025-01-14,空頭,117.4,114.2,土洋雙賣,-3.31,-2560.72,1,整套換方案B(失敗版)
3005,2025-01-13,2025-01-15,空頭,102.32,102.1,土洋雙賣,-0.81,-1414.21,2,整套換方案B(失敗版)
2412,2024-12-23,2025-01-21,多頭,115.4,114.48,積分轉負,-1.4,-6181.73,29,整套換方案B(失敗版)
6830,2025-01-13,2025-02-03,空頭,164.73,155.42,土洋雙賣,-6.22,-9506.17,21,整套換方案B(失敗版)
3529,2025-01-20,2025-02-03,多頭,3396.66,3056.99,土洋雙賣,-10.54,-17807.37,14,整套換方案B(失敗版)
3081,2025-01-20,2025-02-04,多頭,446.77,407.34,觸發停損,-9.37,-21038.54,15,整套換方案B(失敗版)
3005,2025-02-03,2025-02-04,空頭,107.49,107.49,土洋雙賣,-0.6,-476.05,1,整套換方案B(失敗版)
6206,2025-01-13,2025-02-05,空頭,83.01,95.75,15%停利,14.66,43779.67,23,整套換方案B(失敗版)
4979,2025-02-03,2025-02-06,空頭,228.88,224.93,積分轉負,-2.31,-1070.66,3,整套換方案B(失敗版)
3034,2024-12-23,2025-02-11,多頭,453.68,488.16,積分轉負,6.96,12178.26,50,整套換方案B(失敗版)
2383,2025-02-10,2025-02-17,多頭,604.07,586.31,積分轉負,-3.52,-6431.0,7,整套換方案B(失敗版)
6206,2025-02-10,2025-02-18,多頭,112.17,138.16,15%停利,22.43,56870.75,8,整套換方案B(失敗版)
3661,2025-02-10,2025-02-18,多頭,3447.35,3486.97,積分轉負,0.54,498.32,8,整套換方案B(失敗版)
2454,2025-02-03,2025-02-21,空頭,1429.7,1444.06,積分轉負,0.4,601.2,18,整套換方案B(失敗版)
6139,2025-01-20,2025-02-26,多頭,231.97,267.1,15%停利,14.46,39535.05,37,整套換方案B(失敗版)
5434,2025-02-10,2025-02-26,多頭,272.98,275.31,積分轉負,0.25,1004.08,16,整套換方案B(失敗版)
2059,2025-02-17,2025-02-26,多頭,1735.78,2027.55,15%停利,16.11,58431.85,9,整套換方案B(失敗版)
2357,2025-02-03,2025-02-27,空頭,579.53,609.94,土洋雙賣,4.62,9130.02,24,整套換方案B(失敗版)
3324,2025-03-03,2025-03-05,空頭,653.98,644.24,土洋雙賣,-2.08,-1169.48,2,整套換方案B(失敗版)
6415,2025-02-24,2025-03-10,多頭,456.45,400.26,土洋雙賣,-12.84,-22156.82,14,整套換方案B(失敗版)
1519,2025-02-24,2025-03-11,多頭,528.94,449.72,觸發停損,-15.49,-31282.64,15,整套換方案B(失敗版)
2059,2025-03-03,2025-03-11,空頭,1980.56,1849.52,土洋雙賣,-7.18,-6095.91,8,整套換方案B(失敗版)
6257,2025-03-03,2025-03-17,空頭,75.81,72.33,土洋雙賣,-5.16,-12559.11,14,整套換方案B(失敗版)
2368,2025-03-17,2025-03-19,空頭,214.56,209.71,土洋雙賣,-2.85,-965.92,2,整套換方案B(失敗版)
2308,2025-03-17,2025-03-25,空頭,388.01,383.15,土洋雙賣,-1.84,-2554.18,8,整套換方案B(失敗版)
6274,2025-03-24,2025-03-25,空頭,166.94,163.63,土洋雙賣,-2.57,-254.06,1,整套換方案B(失敗版)
2359,2025-03-03,2025-03-31,空頭,150.52,134.0,觸發停損,-11.51,-14775.19,28,整套換方案B(失敗版)
6415,2025-03-17,2025-03-31,空頭,433.46,374.22,觸發停損,-14.18,-8281.88,14,整套換方案B(失敗版)
3044,2025-03-03,2025-04-01,空頭,196.48,188.08,土洋雙賣,-4.85,-13740.77,29,整套換方案B(失敗版)
6196,2025-02-24,2025-04-07,多頭,150.67,142.06,觸發停損,-6.28,-11212.61,42,整套換方案B(失敗版)
8299,2025-03-10,2025-04-07,空頭,557.71,482.85,觸發停損,-13.94,-41083.28,28,整套換方案B(失敗版)
2303,2025-03-10,2025-04-07,空頭,41.46,37.63,觸發停損,-9.77,-68870.92,28,整套換方案B(失敗版)
2404,2025-03-31,2025-04-14,空頭,425.86,403.32,土洋雙賣,-5.86,-19474.24,14,整套換方案B(失敗版)
2303,2025-04-14,2025-04-17,空頭,41.26,40.73,土洋雙賣,-1.88,-3406.79,3,整套換方案B(失敗版)
6214,2025-04-14,2025-04-17,空頭,105.58,106.22,土洋雙賣,0.01,10.55,3,整套換方案B(失敗版)
2454,2025-04-14,2025-04-21,空頭,1331.65,1286.27,土洋雙賣,-3.99,-3497.84,7,整套換方案B(失敗版)
3324,2025-04-14,2025-04-21,空頭,479.32,442.97,土洋雙賣,-8.14,-8010.23,7,整套換方案B(失敗版)
2404,2025-04-21,2025-04-28,空頭,429.57,423.35,積分轉負,-2.04,-4924.39,7,整套換方案B(失敗版)
6206,2025-04-14,2025-05-06,空頭,103.27,96.67,積分轉負,-6.96,-6903.29,22,整套換方案B(失敗版)
3529,2025-04-21,2025-05-07,空頭,2380.48,2421.97,積分轉負,1.13,2712.82,16,整套換方案B(失敗版)
3131,2025-04-28,2025-05-07,多頭,914.4,863.12,積分轉負,-6.17,-32544.22,9,整套換方案B(失敗版)
2376,2025-04-14,2025-05-12,空頭,200.52,231.62,15%停利,14.82,17687.27,28,整套換方案B(失敗版)
2317,2025-04-21,2025-05-13,空頭,128.6,148.05,15%停利,14.44,37433.83,22,整套換方案B(失敗版)
2382,2025-04-21,2025-05-14,空頭,213.73,253.1,15%停利,17.71,27575.97,23,整套換方案B(失敗版)
3231,2025-04-14,2025-05-19,空頭,93.07,101.67,觸發停損,8.59,10624.08,35,整套換方案B(失敗版)
2368,2025-05-12,2025-05-19,多頭,223.3,214.08,積分轉負,-4.7,-9405.19,7,整套換方案B(失敗版)
2383,2025-05-12,2025-05-20,多頭,666.26,667.25,積分轉負,-0.45,-1178.92,8,整套換方案B(失敗版)
1519,2025-05-12,2025-05-20,多頭,389.31,378.5,積分轉負,-3.36,-9080.28,8,整套換方案B(失敗版)
2337,2025-04-14,2025-05-23,空頭,19.39,21.1,觸發停損,8.16,7825.95,39,整套換方案B(失敗版)
8996,2025-05-19,2025-05-23,多頭,241.98,228.26,積分轉負,-6.23,-10337.77,4,整套換方案B(失敗版)
3017,2025-05-19,2025-05-26,多頭,589.84,597.77,積分轉負,0.74,1661.69,7,整套換方案B(失敗版)
2345,2025-05-12,2025-05-27,多頭,660.07,706.1,積分轉負,6.33,14818.96,15,整套換方案B(失敗版)
1513,2025-05-19,2025-05-28,多頭,142.2,142.67,積分轉負,-0.27,-603.13,9,整套換方案B(失敗版)
2383,2025-05-26,2025-06-09,多頭,697.84,809.38,15%停利,15.29,30785.1,14,整套換方案B(失敗版)
3131,2025-05-26,2025-06-10,多頭,1161.15,1378.86,15%停利,18.04,24724.64,15,整套換方案B(失敗版)
6274,2025-06-02,2025-06-10,空頭,179.07,215.28,15%停利,19.5,56072.89,8,整套換方案B(失敗版)
8210,2025-05-26,2025-06-11,多頭,311.92,370.89,15%停利,18.19,34545.82,16,整套換方案B(失敗版)
6139,2025-05-26,2025-06-11,多頭,240.15,251.22,積分轉負,3.98,8767.07,16,整套換方案B(失敗版)
6257,2025-05-19,2025-06-13,多頭,70.0,72.43,積分轉負,2.85,5437.91,25,整套換方案B(失敗版)
2404,2025-06-02,2025-06-16,空頭,515.54,522.55,積分轉負,0.75,1443.89,14,整套換方案B(失敗版)
3017,2025-06-16,2025-06-20,多頭,743.49,727.63,積分轉負,-2.72,-4928.33,4,整套換方案B(失敗版)
1519,2025-06-16,2025-06-20,多頭,422.51,451.32,觸發停損,6.18,10613.8,4,整套換方案B(失敗版)
3653,2025-06-16,2025-06-24,多頭,1471.27,1456.51,積分轉負,-1.6,-2383.69,8,整套換方案B(失敗版)
2421,2025-06-16,2025-06-30,多頭,100.11,97.21,積分轉負,-3.48,-5777.3,14,整套換方案B(失敗版)
6139,2025-06-23,2025-06-30,空頭,310.89,295.01,積分轉負,-5.68,-7038.19,7,整套換方案B(失敗版)
6669,2025-06-23,2025-06-30,空頭,2406.31,2458.79,積分轉負,1.57,2737.74,7,整套換方案B(失敗版)
3131,2025-06-16,2025-07-01,多頭,1528.84,1577.22,積分轉負,2.55,3081.63,15,整套換方案B(失敗版)
3231,2025-05-26,2025-07-02,多頭,108.2,115.76,積分轉負,6.34,15943.31,37,整套換方案B(失敗版)
6223,2025-06-09,2025-07-03,多頭,816.7,1001.24,15%停利,21.86,50751.57,24,整套換方案B(失敗版)
3044,2025-06-16,2025-07-04,多頭,207.21,229.15,積分轉負,9.92,20841.98,18,整套換方案B(失敗版)
2360,2025-06-30,2025-07-09,多頭,438.79,421.44,積分轉負,-4.53,-9051.89,9,整套換方案B(失敗版)
6770,2025-07-07,2025-07-09,多頭,17.3,15.95,積分轉負,-8.35,-17259.32,2,整套換方案B(失敗版)
8046,2025-07-07,2025-07-11,多頭,124.74,144.2,15%停利,14.91,29519.76,4,整套換方案B(失敗版)
3661,2025-06-30,2025-07-16,多頭,3065.96,3566.22,15%停利,15.62,27990.35,16,整套換方案B(失敗版)
2301,2025-07-07,2025-07-17,多頭,110.32,111.28,積分轉負,0.27,1039.15,10,整套換方案B(失敗版)
6196,2025-06-30,2025-07-18,多頭,180.8,208.98,15%停利,14.89,43144.66,18,整套換方案B(失敗版)
6223,2025-07-07,2025-07-22,多頭,996.33,1041.44,觸發停損,3.9,5075.55,15,整套換方案B(失敗版)
3017,2025-07-14,2025-07-23,多頭,821.81,836.68,積分轉負,1.2,3333.58,9,整套換方案B(失敗版)
6196,2025-07-21,2025-07-23,多頭,209.97,202.06,積分轉負,-4.34,-11172.2,2,整套換方案B(失敗版)
2449,2025-07-21,2025-07-23,多頭,108.63,105.79,積分轉負,-3.2,-7589.51,2,整套換方案B(失敗版)
3706,2025-07-21,2025-07-28,多頭,67.71,68.15,積分轉負,0.06,109.24,7,整套換方案B(失敗版)
4755,2025-06-30,2025-07-31,多頭,110.49,110.98,積分轉負,-0.16,-530.49,31,整套換方案B(失敗版)
2308,2025-07-14,2025-07-31,多頭,470.54,564.05,15%停利,19.16,63201.29,17,整套換方案B(失敗版)
6488,2025-07-28,2025-07-31,多頭,346.96,339.53,積分轉負,-2.73,-5035.5,3,整套換方案B(失敗版)
2301,2025-07-28,2025-08-04,多頭,120.48,117.57,積分轉負,-2.99,-8635.24,7,整套換方案B(失敗版)
2059,2025-07-21,2025-08-07,多頭,2472.62,2892.96,15%停利,16.3,40607.91,17,整套換方案B(失敗版)
2368,2025-07-28,2025-08-08,多頭,342.58,406.13,15%停利,17.84,35869.08,11,整套換方案B(失敗版)
2449,2025-07-28,2025-08-08,多頭,109.11,126.66,15%停利,15.39,27340.9,11,整套換方案B(失敗版)
2345,2025-08-04,2025-08-11,多頭,878.05,1011.99,15%停利,14.56,35283.08,7,整套換方案B(失敗版)
8086,2025-07-28,2025-08-14,多頭,95.01,109.36,15%停利,14.42,21377.08,17,整套換方案B(失敗版)
2308,2025-08-04,2025-08-15,多頭,589.92,682.43,15%停利,14.99,43124.41,11,整套換方案B(失敗版)
2383,2025-08-04,2025-08-15,多頭,1095.63,1263.42,15%停利,14.63,34013.66,11,整套換方案B(失敗版)
2345,2025-08-11,2025-08-20,多頭,1011.99,948.49,觸發停損,-6.84,-17432.1,9,整套換方案B(失敗版)
6669,2025-08-11,2025-08-20,多頭,3085.63,2900.98,觸發停損,-6.55,-19206.57,9,整套換方案B(失敗版)
8996,2025-08-11,2025-08-20,多頭,337.67,342.64,土洋雙賣,0.87,1742.6,9,整套換方案B(失敗版)
3661,2025-08-18,2025-08-20,多頭,4190.31,3625.66,觸發停損,-13.99,-44691.98,2,整套換方案B(失敗版)
2360,2025-08-04,2025-08-21,多頭,490.35,499.77,積分轉負,1.31,3108.81,17,整套換方案B(失敗版)
2059,2025-08-11,2025-08-21,多頭,2972.09,2932.53,積分轉負,-1.92,-4778.63,10,整套換方案B(失敗版)
2317,2025-08-18,2025-08-29,多頭,203.93,197.62,積分轉負,-3.67,-17516.2,11,整套換方案B(失敗版)
3653,2025-08-25,2025-08-29,多頭,1778.95,2082.07,15%停利,16.34,22209.08,4,整套換方案B(失敗版)
2449,2025-08-25,2025-08-29,多頭,128.56,148.01,15%停利,14.44,22962.91,4,整套換方案B(失敗版)
6274,2025-09-01,2025-09-02,空頭,338.29,324.41,土洋雙賣,-4.68,-3172.67,1,整套換方案B(失敗版)
2404,2025-08-25,2025-09-03,多頭,1085.14,1027.0,觸發停損,-5.92,-9242.61,9,整套換方案B(失敗版)
3443,2025-08-25,2025-09-04,多頭,1294.1,1294.1,積分轉負,-0.6,-1289.73,10,整套換方案B(失敗版)
3706,2025-08-25,2025-09-05,多頭,88.75,84.0,積分轉負,-5.91,-9339.97,11,整套換方案B(失敗版)
3189,2025-08-25,2025-09-05,多頭,107.32,102.82,積分轉負,-4.76,-8302.6,11,整套換方案B(失敗版)
6187,2025-09-08,2025-09-10,多頭,399.92,371.28,積分轉負,-7.72,-17748.43,2,整套換方案B(失敗版)
6515,2025-09-01,2025-09-12,空頭,1527.86,1588.26,觸發停損,3.33,11778.36,11,整套換方案B(失敗版)
2360,2025-09-01,2025-09-12,空頭,554.31,566.21,積分轉負,1.54,1933.53,11,整套換方案B(失敗版)
1560,2025-09-08,2025-09-12,多頭,341.71,323.83,積分轉負,-5.8,-13321.53,4,整套換方案B(失敗版)
6213,2025-08-18,2025-09-15,多頭,127.93,110.08,觸發停損,-14.47,-29418.08,28,整套換方案B(失敗版)
6139,2025-09-08,2025-09-15,多頭,366.5,360.5,積分轉負,-2.23,-4813.87,7,整套換方案B(失敗版)
6488,2025-09-15,2025-09-18,多頭,405.45,486.24,15%停利,19.21,36966.26,3,整套換方案B(失敗版)
8299,2025-09-15,2025-09-24,多頭,655.54,686.14,積分轉負,4.04,6180.13,9,整套換方案B(失敗版)
3363,2025-09-08,2025-09-25,多頭,382.0,353.0,積分轉負,-8.14,-12747.22,17,整套換方案B(失敗版)
3324,2025-09-15,2025-09-25,多頭,819.6,850.25,積分轉負,3.12,4629.28,10,整套換方案B(失敗版)
3037,2025-09-15,2025-09-26,多頭,141.71,148.7,積分轉負,4.3,5992.31,11,整套換方案B(失敗版)
6239,2025-09-15,2025-09-26,多頭,148.08,137.3,積分轉負,-7.84,-14968.56,11,整套換方案B(失敗版)
3227,2025-09-15,2025-10-03,多頭,207.67,244.91,15%停利,17.23,30320.3,18,整套換方案B(失敗版)
6223,2025-09-08,2025-10-08,多頭,1519.81,1679.26,積分轉負,9.83,16429.41,30,整套換方案B(失敗版)
6442,2025-10-13,2025-10-15,多頭,877.42,771.34,積分轉負,-12.62,-17934.05,2,整套換方案B(失敗版)
3017,2025-10-13,2025-10-20,多頭,1160.0,1140.0,積分轉負,-2.31,-3182.82,7,整套換方案B(失敗版)
8046,2025-10-13,2025-10-22,多頭,266.94,274.92,積分轉負,2.37,2367.96,9,整套換方案B(失敗版)
3189,2025-10-13,2025-10-23,多頭,133.27,144.75,積分轉負,7.96,10604.62,10,整套換方案B(失敗版)
3013,2025-10-20,2025-10-27,多頭,131.47,123.5,積分轉負,-6.62,-30158.45,7,整套換方案B(失敗版)
3443,2025-10-13,2025-10-28,多頭,1493.2,1473.29,積分轉負,-1.92,-3493.99,15,整套換方案B(失敗版)
6488,2025-09-22,2025-10-29,多頭,506.57,508.55,積分轉負,-0.21,-2091.54,37,整套換方案B(失敗版)
6515,2025-10-13,2025-10-29,多頭,2253.34,2610.69,15%停利,15.17,17224.07,16,整套換方案B(失敗版)
2308,2025-10-13,2025-10-31,多頭,1024.64,989.82,積分轉負,-3.98,-7588.44,18,整套換方案B(失敗版)
6770,2025-10-27,2025-11-03,多頭,31.5,30.1,積分轉負,-5.02,-9883.79,7,整套換方案B(失敗版)
8046,2025-10-27,2025-11-05,多頭,277.92,271.43,積分轉負,-2.92,-5017.63,9,整套換方案B(失敗版)
3324,2025-11-03,2025-11-05,多頭,1082.59,1008.44,積分轉負,-7.41,-12094.07,2,整套換方案B(失敗版)
2345,2025-11-03,2025-11-06,多頭,1066.56,1046.71,積分轉負,-2.45,-4400.13,3,整套換方案B(失敗版)
1519,2025-11-03,2025-11-07,多頭,702.42,666.67,土洋雙賣,-5.66,-10948.12,4,整套換方案B(失敗版)
6223,2025-10-27,2025-11-10,多頭,1943.36,1983.22,積分轉負,1.44,4343.84,14,整套換方案B(失敗版)
6213,2025-11-03,2025-11-10,多頭,118.5,104.13,觸發停損,-12.66,-23475.1,7,整套換方案B(失敗版)
8299,2025-11-03,2025-11-11,多頭,1095.85,1293.3,15%停利,17.31,22432.1,8,整套換方案B(失敗版)
8210,2025-11-10,2025-11-13,多頭,1004.28,999.33,積分轉負,-1.09,-1216.83,3,整套換方案B(失敗版)
2368,2025-11-10,2025-11-13,多頭,478.61,563.02,15%停利,16.93,17607.02,3,整套換方案B(失敗版)
2412,2025-11-10,2025-11-13,多頭,128.04,126.6,積分轉負,-1.72,-7962.33,3,整套換方案B(失敗版)
6442,2025-11-10,2025-11-17,多頭,926.0,1080.67,15%停利,16.0,15761.77,7,整套換方案B(失敗版)
6669,2025-11-10,2025-11-18,多頭,4174.11,4013.75,觸發停損,-4.42,-5669.67,8,整套換方案B(失敗版)
3529,2025-11-17,2025-11-19,空頭,2082.63,1972.16,土洋雙賣,-5.87,-8041.87,2,整套換方案B(失敗版)
3189,2025-11-17,2025-11-19,空頭,143.23,134.27,土洋雙賣,-6.81,-8664.82,2,整套換方案B(失敗版)
3443,2025-11-10,2025-11-25,多頭,1881.43,2165.14,15%停利,14.39,13458.32,15,整套換方案B(失敗版)
6442,2025-11-17,2025-11-25,空頭,1067.81,1298.78,15%停利,20.9,37978.94,8,整套換方案B(失敗版)
2449,2025-11-03,2025-12-01,多頭,212.52,206.35,土洋雙賣,-3.48,-5134.9,28,整套換方案B(失敗版)
2383,2025-11-17,2025-12-03,空頭,1443.94,1430.0,積分轉負,-1.56,-2849.99,16,整套換方案B(失敗版)
3653,2025-11-17,2025-12-05,空頭,2557.74,3041.12,15%停利,18.19,35207.53,18,整套換方案B(失敗版)
1560,2025-11-24,2025-12-08,空頭,309.88,358.6,15%停利,15.03,71990.85,14,整套換方案B(失敗版)
6510,2025-11-24,2025-12-09,空頭,1727.59,2009.16,15%停利,15.6,42310.75,15,整套換方案B(失敗版)
6223,2025-11-24,2025-12-09,空頭,2029.12,2337.01,15%停利,14.48,36036.89,15,整套換方案B(失敗版)
2454,2025-12-01,2025-12-12,空頭,1409.1,1370.1,積分轉負,-3.35,-3338.84,11,整套換方案B(失敗版)
2356,2025-12-01,2025-12-12,空頭,42.67,42.28,積分轉負,-1.5,-1786.3,11,整套換方案B(失敗版)
3105,2025-12-08,2025-12-12,多頭,151.36,181.24,15%停利,19.02,58743.74,4,整套換方案B(失敗版)
6282,2025-12-15,2025-12-16,多頭,42.65,41.65,土洋雙賣,-2.93,-6334.02,1,整套換方案B(失敗版)
3711,2025-12-01,2025-12-17,空頭,222.47,226.43,土洋雙賣,1.17,951.3,16,整套換方案B(失敗版)
6139,2025-12-15,2025-12-23,多頭,590.0,579.0,積分轉負,-2.45,-4712.34,8,整套換方案B(失敗版)
6510,2025-12-15,2025-12-24,多頭,2327.45,2252.85,積分轉負,-3.78,-5819.96,9,整套換方案B(失敗版)
1519,2025-12-15,2025-12-30,多頭,716.72,690.8,積分轉負,-4.19,-8088.11,15,整套換方案B(失敗版)
2313,2025-12-15,2025-12-30,多頭,90.1,97.03,積分轉負,7.05,17231.79,15,整套換方案B(失敗版)
2337,2025-12-08,2026-01-02,多頭,37.25,43.35,15%停利,15.68,49754.26,25,整套換方案B(失敗版)
4979,2025-12-29,2026-01-07,多頭,294.48,293.48,積分轉負,-0.93,-3133.58,9,整套換方案B(失敗版)
4991,2025-12-22,2026-01-08,多頭,211.5,209.5,積分轉負,-1.54,-9147.13,17,整套換方案B(失敗版)
6531,2026-01-05,2026-01-08,多頭,475.74,451.9,積分轉負,-5.58,-14471.92,3,整套換方案B(失敗版)
3105,2025-12-22,2026-01-12,多頭,190.2,232.03,15%停利,21.26,69477.52,21,整套換方案B(失敗版)
3037,2025-12-08,2026-01-13,多頭,220.05,253.48,15%停利,14.5,54220.44,36,整套換方案B(失敗版)
3131,2026-01-05,2026-01-16,多頭,1733.1,1757.65,積分轉負,0.81,2287.59,11,整套換方案B(失敗版)
8996,2026-01-12,2026-01-16,多頭,694.24,676.33,積分轉負,-3.16,-8292.23,4,整套換方案B(失敗版)
3189,2026-01-05,2026-01-19,多頭,167.71,204.12,15%停利,20.98,2153.91,14,整套換方案B(失敗版)
2337,2026-01-12,2026-01-19,多頭,61.2,73.7,15%停利,19.7,45458.64,7,整套換方案B(失敗版)
2313,2026-01-12,2026-01-20,多頭,125.75,146.54,15%停利,15.84,35595.28,8,整套換方案B(失敗版)
1514,2026-01-19,2026-01-21,多頭,115.22,133.94,15%停利,15.55,39170.57,2,整套換方案B(失敗版)
3693,2026-01-12,2026-01-22,多頭,378.0,342.5,積分轉負,-9.93,-28039.87,10,整套換方案B(失敗版)
8046,2026-01-19,2026-01-22,多頭,317.33,369.72,15%停利,15.81,31527.89,3,整套換方案B(失敗版)
3443,2026-01-19,2026-01-27,多頭,2682.78,2573.28,積分轉負,-4.66,-8562.75,8,整套換方案B(失敗版)
2492,2026-01-19,2026-01-29,多頭,145.73,139.76,積分轉負,-4.67,-8557.06,10,整套換方案B(失敗版)
3680,2026-01-05,2026-01-30,多頭,404.54,399.09,觸發停損,-1.94,-5056.18,25,整套換方案B(失敗版)
3533,2026-01-26,2026-01-30,多頭,1454.21,1405.08,積分轉負,-3.96,-9332.04,4,整套換方案B(失敗版)
6274,2026-01-26,2026-01-30,多頭,507.94,499.01,積分轉負,-2.35,-8130.33,4,整套換方案B(失敗版)
3374,2026-01-19,2026-02-02,多頭,178.02,158.19,觸發停損,-11.67,-21155.7,14,整套換方案B(失敗版)
8299,2026-01-26,2026-02-02,多頭,2059.96,2129.45,觸發停損,2.76,5551.34,7,整套換方案B(失敗版)
2313,2026-01-26,2026-02-02,多頭,175.25,170.3,積分轉負,-3.41,-7327.56,7,整套換方案B(失敗版)
6510,2026-02-02,2026-02-04,多頭,3416.57,3978.54,15%停利,15.75,20478.49,2,整套換方案B(失敗版)
6415,2026-02-02,2026-02-05,多頭,286.98,270.63,積分轉負,-6.26,-6706.91,3,整套換方案B(失敗版)
3653,2026-02-02,2026-02-06,多頭,2936.77,2951.67,積分轉負,-0.09,-132.81,4,整套換方案B(失敗版)
2368,2026-02-02,2026-02-06,多頭,701.04,739.76,觸發停損,4.89,7258.85,4,整套換方案B(失敗版)
3189,2026-02-02,2026-02-06,多頭,239.09,242.09,觸發停損,0.65,708.08,4,整套換方案B(失敗版)
4958,2026-02-02,2026-02-09,多頭,182.25,180.76,積分轉負,-1.41,-1606.21,7,整套換方案B(失敗版)
2337,2026-02-09,2026-02-23,多頭,88.8,103.5,15%停利,15.86,17059.82,14,整套換方案B(失敗版)
4979,2026-02-02,2026-02-24,多頭,317.86,390.98,15%停利,22.27,28529.94,22,整套換方案B(失敗版)
3037,2026-02-02,2026-02-24,多頭,364.25,445.09,15%停利,21.46,25910.95,22,整套換方案B(失敗版)
2454,2026-02-09,2026-02-24,多頭,1819.13,1814.16,積分轉負,-0.87,-1787.05,15,整套換方案B(失敗版)
2383,2026-02-09,2026-02-25,多頭,2080.0,2420.0,15%停利,15.65,24468.66,16,整套換方案B(失敗版)
8996,2026-02-09,2026-02-26,多頭,878.24,874.26,積分轉負,-1.05,-1768.44,17,整套換方案B(失敗版)
2368,2026-02-09,2026-03-02,多頭,791.4,781.47,積分轉負,-1.85,-3187.07,21,整套換方案B(失敗版)
2345,2026-02-09,2026-03-04,多頭,1294.75,1294.75,土洋雙賣,-0.6,-1125.5,23,整套換方案B(失敗版)
2308,2026-03-02,2026-03-05,多頭,1417.59,1328.06,積分轉負,-6.88,-13841.81,3,整套換方案B(失敗版)
2313,2026-02-23,2026-03-06,多頭,202.98,201.0,積分轉負,-1.57,-15679.78,11,整套換方案B(失敗版)
4979,2026-03-02,2026-03-06,多頭,460.12,377.05,積分轉負,-18.54,-27466.52,4,整套換方案B(失敗版)
8046,2026-03-02,2026-03-09,多頭,539.87,422.11,觸發停損,-22.28,-31574.04,7,整套換方案B(失敗版)
6515,2026-03-09,2026-03-12,空頭,5177.5,6283.54,15%停利,20.64,16547.6,3,整套換方案B(失敗版)
3653,2026-03-09,2026-03-13,空頭,3309.52,3224.98,土洋雙賣,-3.14,-2570.36,4,整套換方案B(失敗版)
2337,2026-03-02,2026-03-16,多頭,116.0,119.0,土洋雙賣,1.97,2304.29,14,整套換方案B(失敗版)
3017,2026-03-02,2026-03-16,多頭,1765.0,1830.0,土洋雙賣,3.06,5137.76,14,整套換方案B(失敗版)
2404,2026-03-02,2026-03-16,多頭,1041.54,933.99,土洋雙賣,-10.86,-24233.48,14,整套換方案B(失敗版)
2458,2026-03-09,2026-03-18,空頭,131.57,136.38,積分轉負,3.04,7926.12,9,整套換方案B(失敗版)
2357,2026-03-09,2026-03-19,空頭,515.25,543.32,土洋雙賣,4.82,13281.13,10,整套換方案B(失敗版)
6223,2026-03-16,2026-03-19,空頭,3552.86,3652.52,土洋雙賣,2.19,1304.8,3,整套換方案B(失敗版)
2313,2026-03-16,2026-03-19,空頭,218.82,221.29,土洋雙賣,0.53,208.33,3,整套換方案B(失敗版)
2376,2026-03-16,2026-03-19,空頭,228.07,238.67,土洋雙賣,4.03,3922.82,3,整套換方案B(失敗版)
3131,2026-03-16,2026-03-25,空頭,2227.78,2611.93,15%停利,16.54,34501.37,9,整套換方案B(失敗版)
3163,2026-03-16,2026-03-26,空頭,787.38,686.61,土洋雙賣,-13.32,-18009.44,10,整套換方案B(失敗版)
6223,2026-03-23,2026-03-26,空頭,3719.71,3642.55,土洋雙賣,-2.66,-3225.67,3,整套換方案B(失敗版)
6223,2026-03-30,2026-03-31,空頭,3722.28,3582.76,土洋雙賣,-4.32,-4973.05,1,整套換方案B(失敗版)
3583,2026-03-23,2026-04-08,空頭,459.42,551.87,15%停利,19.41,42058.96,16,整套換方案B(失敗版)
4958,2026-03-30,2026-04-09,空頭,224.96,261.71,15%停利,15.64,16041.92,10,整套換方案B(失敗版)
8046,2026-03-30,2026-04-09,空頭,572.16,667.6,15%停利,15.98,43789.32,10,整套換方案B(失敗版)
6187,2026-03-23,2026-04-13,空頭,877.33,1026.95,15%停利,16.35,28377.03,21,整套換方案B(失敗版)
3443,2026-03-23,2026-04-14,空頭,2578.25,3036.17,15%停利,17.06,11207.68,22,整套換方案B(失敗版)
3533,2026-03-23,2026-04-16,空頭,2104.56,2466.27,15%停利,16.49,30891.06,24,整套換方案B(失敗版)
3529,2026-04-13,2026-04-16,多頭,3139.56,3681.04,15%停利,16.55,31149.83,3,整套換方案B(失敗版)
2455,2026-04-13,2026-04-21,多頭,291.02,337.71,15%停利,15.35,25279.85,8,整套換方案B(失敗版)
2345,2026-04-13,2026-04-21,多頭,1805.71,2172.8,15%停利,19.61,40842.83,8,整套換方案B(失敗版)
6488,2026-04-13,2026-04-21,多頭,497.58,594.7,15%停利,18.8,47296.29,8,整套換方案B(失敗版)
2395,2026-03-09,2026-04-23,空頭,336.08,348.99,積分轉負,3.22,6206.54,45,整套換方案B(失敗版)
4979,2026-04-20,2026-04-23,多頭,704.36,564.09,觸發停損,-20.39,-77443.56,3,整套換方案B(失敗版)
3105,2026-04-20,2026-04-24,多頭,589.52,544.71,積分轉負,-8.15,-24901.48,4,整套換方案B(失敗版)
8996,2026-04-13,2026-04-27,多頭,1095.0,1070.0,積分轉負,-2.87,-5335.37,14,整套換方案B(失敗版)
4991,2026-04-20,2026-04-27,多頭,724.0,570.0,觸發停損,-21.74,-68460.75,7,整套換方案B(失敗版)
6415,2026-04-27,2026-04-29,多頭,420.0,393.0,積分轉負,-6.99,-8205.78,2,整套換方案B(失敗版)
6488,2026-04-27,2026-04-29,多頭,617.61,533.94,積分轉負,-14.07,-15472.79,2,整套換方案B(失敗版)
4958,2026-04-27,2026-04-30,多頭,356.07,418.14,15%停利,16.73,18781.64,3,整套換方案B(失敗版)
2454,2026-04-27,2026-05-04,多頭,2420.54,2852.95,15%停利,17.16,23118.36,7,整套換方案B(失敗版)
8299,2026-05-04,2026-05-06,多頭,1995.43,2308.14,15%停利,14.98,31917.62,2,整套換方案B(失敗版)
3189,2026-05-04,2026-05-07,多頭,530.09,491.66,積分轉負,-7.81,-17191.21,3,整套換方案B(失敗版)
8046,2026-04-27,2026-05-11,多頭,911.09,906.1,積分轉負,-1.14,-1298.67,14,整套換方案B(失敗版)
2368,2026-04-27,2026-05-11,多頭,1410.02,1390.16,積分轉負,-2.0,-2420.07,14,整套換方案B(失敗版)
6669,2026-04-27,2026-05-12,多頭,4752.36,5627.03,15%停利,17.7,28310.99,15,整套換方案B(失敗版)
6488,2026-05-11,2026-05-13,多頭,831.78,747.11,積分轉負,-10.72,-24409.87,2,整套換方案B(失敗版)
2059,2026-05-11,2026-05-14,多頭,5520.0,5010.0,積分轉負,-9.78,-27117.51,3,整套換方案B(失敗版)
3443,2026-05-11,2026-05-15,多頭,5704.01,4823.03,積分轉負,-15.95,-40904.28,4,整套換方案B(失敗版)
8210,2026-05-11,2026-05-15,多頭,1538.57,1395.1,積分轉負,-9.87,-23389.0,4,整套換方案B(失敗版)
2345,2026-05-04,2026-05-18,多頭,2485.33,2475.41,積分轉負,-1.0,-2772.96,14,整套換方案B(失敗版)
3189,2026-05-18,2026-05-22,多頭,504.14,607.96,15%停利,19.87,27171.57,4,整套換方案B(失敗版)
2383,2026-04-27,2026-05-25,多頭,4730.0,5505.0,15%停利,15.69,20356.12,28,整套換方案B(失敗版)
3711,2026-05-04,2026-05-25,多頭,520.24,611.41,15%停利,16.82,48277.56,21,整套換方案B(失敗版)
2313,2026-05-18,2026-05-25,多頭,256.44,295.55,15%停利,14.56,22155.87,7,整套換方案B(失敗版)
2303,2026-05-18,2026-05-26,多頭,109.13,128.3,15%停利,16.86,27856.21,8,整套換方案B(失敗版)
2492,2026-05-25,2026-05-28,多頭,319.8,387.94,15%停利,20.58,52074.78,3,整套換方案B(失敗版)
6139,2026-05-18,2026-05-29,多頭,721.0,784.0,積分轉負,8.09,18324.11,11,整套換方案B(失敗版)
6223,2026-05-18,2026-05-29,多頭,6114.11,5939.7,積分轉負,-3.43,-6377.54,11,整套換方案B(失敗版)
6531,2026-05-18,2026-06-03,多頭,1127.26,1092.5,積分轉負,-3.66,-4872.04,16,整套換方案B(失敗版)
2313,2026-05-25,2026-06-03,多頭,295.55,266.5,積分轉負,-10.37,-22172.81,9,整套換方案B(失敗版)
6412,2026-05-25,2026-06-05,多頭,99.91,94.05,積分轉負,-6.43,-21462.34,11,整套換方案B(失敗版)
3706,2026-06-01,2026-06-05,多頭,93.5,92.4,積分轉負,-1.77,-5389.31,4,整套換方案B(失敗版)
3231,2026-06-01,2026-06-08,多頭,167.84,157.72,觸發停損,-6.6,-19174.37,7,整套換方案B(失敗版)
4958,2026-06-08,2026-06-10,多頭,512.0,502.0,土洋雙賣,-2.54,-4955.96,2,整套換方案B(失敗版)
6274,2026-05-25,2026-06-12,多頭,1600.0,1430.0,積分轉負,-11.16,-22195.12,18,整套換方案B(失敗版)
2492,2026-06-01,2026-06-16,多頭,413.8,491.39,15%停利,18.04,31982.42,15,整套換方案B(失敗版)
8996,2026-06-08,2026-06-17,多頭,1210.0,1515.0,15%停利,24.46,46963.17,9,整套換方案B(失敗版)
2404,2026-06-15,2026-06-17,多頭,1337.04,1240.16,積分轉負,-7.8,-44389.25,2,整套換方案B(失敗版)
6187,2026-06-08,2026-06-22,多頭,1066.44,1244.18,15%停利,15.97,29850.72,14,整套換方案B(失敗版)
2454,2026-06-15,2026-06-22,多頭,4443.45,4438.48,積分轉負,-0.71,-3043.34,7,整套換方案B(失敗版)
3653,2026-06-08,2026-06-23,多頭,3796.43,3816.3,積分轉負,-0.08,-153.37,15,整套換方案B(失敗版)
2395,2026-06-01,2026-06-24,多頭,506.12,463.53,積分轉負,-8.96,-20356.84,23,整套換方案B(失敗版)
6488,2026-06-22,2026-06-24,多頭,1110.71,961.28,積分轉負,-13.97,-29355.3,2,整套換方案B(失敗版)
6274,2026-06-22,2026-06-24,多頭,1900.0,1765.0,積分轉負,-7.66,-13254.6,2,整套換方案B(失敗版)
2382,2026-06-22,2026-06-24,多頭,364.44,356.77,積分轉負,-2.69,-6266.99,2,整套換方案B(失敗版)
6510,2026-06-08,2026-06-25,多頭,3545.88,3411.6,積分轉負,-4.36,-9908.0,17,整套換方案B(失敗版)
6257,2026-06-22,2026-06-26,多頭,238.73,220.51,土洋雙賣,-8.18,-19108.06,4,整套換方案B(失敗版)
5434,2026-06-29,2026-07-06,空頭,525.99,509.4,積分轉負,-3.73,-2033.11,7,整套換方案B(失敗版)
1560,2026-06-29,2026-07-06,空頭,733.08,740.04,積分轉負,0.34,145.15,7,整套換方案B(失敗版)
3131,2026-06-29,2026-07-07,空頭,3495.66,3127.44,觸發停損,-11.07,-4044.39,8,整套換方案B(失敗版)
6257,2026-07-06,2026-07-07,多頭,268.75,242.0,土洋雙賣,-10.49,-56217.34,1,整套換方案B(失敗版)
2449,2026-07-06,2026-07-07,多頭,333.01,300.76,土洋雙賣,-10.23,-47473.26,1,整套換方案B(失敗版)
2492,2026-06-22,2026-07-13,多頭,613.74,419.0,觸發停損,-32.14,-48094.95,21,整套換方案B(失敗版)
3227,2026-06-29,2026-07-13,空頭,222.95,201.0,土洋雙賣,-10.38,-5885.63,14,整套換方案B(失敗版)
6182,2026-07-13,2026-07-14,空頭,189.5,186.5,土洋雙賣,-2.17,-1091.24,1,整套換方案B(失敗版)
8046,2026-06-29,2026-07-15,空頭,1190.97,1415.0,15%停利,18.1,20628.62,16,整套換方案B(失敗版)
2458,2026-06-29,2026-07-15,空頭,184.74,178.5,土洋雙賣,-3.96,-5063.94,16,整套換方案B(失敗版)
6139,2026-06-29,2026-07-16,空頭,908.42,868.0,土洋雙賣,-5.02,-6273.42,17,整套換方案B(失敗版)
4958,2026-07-13,2026-07-16,空頭,629.49,578.0,土洋雙賣,-8.73,-15719.86,3,整套換方案B(失敗版)
3189,2026-07-13,2026-07-16,空頭,824.85,770.0,土洋雙賣,-7.21,-10758.19,3,整套換方案B(失敗版)
5483,2026-07-13,2026-07-17,空頭,252.34,232.98,觸發停損,-8.22,-16962.17,4,整套換方案B(失敗版)
6414,2026-07-20,2026-07-22,空頭,424.29,490.0,15%停利,14.8,11779.39,2,整套換方案B(失敗版)
5227,2026-07-20,2026-07-22,空頭,33.72,38.9,15%停利,14.66,8475.4,2,整套換方案B(失敗版)
3231,2026-07-20,2026-07-24,空頭,152.99,179.0,15%停利,16.3,27718.6,4,整套換方案B(失敗版)
5269,2026-07-13,2026-07-30,空頭,1469.67,1305.0,土洋雙賣,-11.74,-34775.46,17,整套換方案B(失敗版)
6643,2026-07-20,2026-07-30,空頭,423.37,367.0,觸發停損,-13.83,-12843.16,10,整套換方案B(失敗版)
2317,2026-07-27,2026-07-30,空頭,253.0,229.5,觸發停損,-9.83,-8040.43,3,整套換方案B(失敗版)
2412,2026-07-20,2026-08-04,空頭,138.8,136.5,土洋雙賣,-2.25,-8962.84,15,整套換方案B(失敗版)
2385,2026-07-27,2026-08-04,空頭,105.55,104.0,土洋雙賣,-2.05,-6836.21,8,整套換方案B(失敗版)
6533,2026-07-20,2026-08-07,空頭,233.44,256.0,期末平倉,9.01,9803.53,18,整套換方案B(失敗版)
3231,2026-07-27,2026-08-07,空頭,180.18,183.5,期末平倉,1.23,2231.75,11,整套換方案B(失敗版)
3034,2026-07-27,2026-08-07,空頭,518.7,542.0,期末平倉,3.87,8258.04,11,整套換方案B(失敗版)
3653,2026-08-03,2026-08-07,空頭,3948.62,4380.0,期末平倉,10.26,20533.65,4,整套換方案B(失敗版)
3017,2026-08-03,2026-08-07,空頭,2574.76,2785.0,期末平倉,7.52,15149.89,4,整套換方案B(失敗版)
2454,2026-08-03,2026-08-07,空頭,3887.37,3900.0,期末平倉,-0.28,-542.78,4,整套換方案B(失敗版)
