ticker,name,trust_share,atr_pct,turnover,籌碼主導,波動度,規模
2330,台積電,0.04667582644947692,0.019825848430434834,20809664770.46901,外資主導,低波動,大型股
2317,鴻海,0.1185527421301205,0.021843381600034177,5926337473.184617,外資主導,低波動,大型股
2382,廣達,0.22273805044677253,0.02816323509112281,4150610933.902843,投信主導,低波動,大型股
3231,緯創,0.218207102850647,0.027966770850165294,3371672855.489939,外資主導,低波動,大型股
6669,緯穎,0.27689423001082725,0.04381599848441767,2272804253.933346,投信主導,高波動,大型股
2376,技嘉,0.287300463974959,0.03997565979822203,2443518035.7782235,投信主導,高波動,大型股
2356,英業達,0.20644982469279705,0.026514508673517588,1052726830.8692236,外資主導,低波動,大型股
2324,仁寶,0.2627032498791772,0.021468778885259273,607262381.1152465,投信主導,低波動,大型股
3706,神達,0.12870243474077914,0.02453271647469404,790603948.9805133,外資主導,低波動,大型股
2357,華碩,0.27164052615245055,0.024306289235748263,1264488783.7584574,投信主導,低波動,大型股
2353,宏碁,0.20779262465577542,0.026614682378602792,803947152.519962,外資主導,低波動,大型股
3017,奇鋐,0.26812446519334676,0.04518106720565865,3060657709.2051015,投信主導,高波動,大型股
3324,雙鴻,0.27479155610178485,0.044900481628420814,1661475014.4748993,投信主導,高波動,大型股
2421,建準,0.15665561316404986,0.03529501409589462,501657484.5807466,外資主導,高波動,中小型股
3653,健策,0.4369022383728266,0.0441198076535564,782366152.2518728,投信主導,高波動,大型股
3338,泰碩,0.013995015473940789,0.03628038533211202,137240496.6855542,外資主導,高波動,中小型股
8996,高力,0.14821836597387467,0.04726486712082786,1016805774.895905,外資主導,高波動,大型股
3013,晟銘電,0.035297502914454215,0.04413000181259889,737047434.6311411,外資主導,高波動,大型股
6117,迎廣,0.0003639592145098407,0.041535436062327756,216108619.86146024,外資主導,高波動,中小型股
3693,營邦,0.0028057943905368207,0.04660543352343186,496944911.4317178,外資主導,高波動,中小型股
8210,勤誠,0.24403362824067962,0.03468570628883051,554641449.7045394,投信主導,低波動,中小型股
2059,川湖,0.3056816923247314,0.03545700562375375,649780087.5308043,投信主導,高波動,大型股
2308,台達電,0.1558791657514947,0.02609984111059809,2229406728.611729,外資主導,低波動,大型股
6282,康舒,0.06311660595356368,0.03178313041681155,483931385.4527825,外資主導,低波動,中小型股
2345,智邦,0.31979387290306,0.03976972173068595,1193904158.3373477,投信主導,高波動,大型股
2368,金像電,0.3034972679975696,0.04359262424187275,1420889704.343814,投信主導,高波動,大型股
3044,健鼎,0.37732038667728807,0.027077158455383412,485334106.6124534,投信主導,低波動,中小型股
2313,華通,0.2478416197376597,0.031233741901721998,1025638445.6577572,投信主導,低波動,大型股
3037,欣興,0.175367358379853,0.04242724616187048,4146461352.116159,外資主導,高波動,大型股
8046,南電,0.2584307231098148,0.04054454594503358,1917378805.3094268,投信主導,高波動,大型股
3189,景碩,0.24277557256337237,0.0422761544389557,1419271345.659422,投信主導,高波動,大型股
2383,台光電,0.33625227009392644,0.039946114977537715,1442227506.0715845,投信主導,高波動,大型股
6274,台燿,0.2515063437975055,0.04005836285055534,770113807.8721181,投信主導,高波動,大型股
6213,聯茂,0.17750319867478087,0.03551550468555855,439931627.8642192,外資主導,高波動,中小型股
3661,世芯-KY,0.2574928615642659,0.05509001688847778,4815033786.87629,投信主導,高波動,大型股
3443,創意,0.2850482629003225,0.04863407857063222,3474853485.21909,投信主導,高波動,大型股
3035,智原,0.2352172252404271,0.05149536674392673,4057374975.103119,投信主導,高波動,大型股
6643,M31,0.24575176751278666,0.051083994629097865,917388465.5106715,投信主導,高波動,大型股
3529,力旺,0.3478292189222092,0.053525446866639265,1371379351.9873366,投信主導,高波動,大型股
6531,愛普*,0.10644295033684056,0.048956651408490696,1868837959.0451963,外資主導,高波動,大型股
2454,聯發科,0.16233964059319095,0.03046367166520745,5146372260.289345,外資主導,低波動,大型股
3034,聯詠,0.28212815180717093,0.030726390354925717,1990563610.6898456,投信主導,低波動,大型股
8299,群聯,0.34406820976067154,0.033295697942721164,1022010895.5087118,投信主導,低波動,大型股
5269,祥碩,0.3233274905054046,0.052194851157628785,1294847596.4532685,投信主導,高波動,大型股
4966,譜瑞-KY,0.28568055085951044,0.0455863557434578,986076312.4267824,投信主導,高波動,大型股
3711,日月光投控,0.21899082217383498,0.028877667962568566,1561083550.7015238,投信主導,低波動,大型股
2449,京元電子,0.2252589207148856,0.03136446205915069,994041487.5356551,投信主導,低波動,大型股
3131,弘塑,0.394563305258813,0.04452077255427799,431251681.9446225,投信主導,高波動,中小型股
3583,辛耘,0.09921694986826765,0.041723689174756634,738544127.5072913,外資主導,高波動,大型股
6187,萬潤,0.25399787183612127,0.04809918467502208,578181041.0946591,投信主導,高波動,中小型股
6515,穎崴,0.36047688761525043,0.045127285013058106,440726653.19940436,投信主導,高波動,中小型股
2360,致茂,0.29734069730663487,0.03689065546030528,424622671.44889027,投信主導,高波動,中小型股
3533,嘉澤,0.3904949666669634,0.038328448263062746,835547736.0596485,投信主導,高波動,大型股
2359,所羅門,0.0009060369941874242,0.039147960644910045,573104835.5808498,外資主導,高波動,中小型股
6414,樺漢,0.2661441458919391,0.02942431085351031,300626561.0623467,投信主導,低波動,中小型股
2395,研華,0.11082282586340553,0.025724864087984297,302707354.5932873,外資主導,低波動,中小型股
6139,亞翔,0.07793707991515245,0.036169401878979386,490345913.62692446,外資主導,高波動,中小型股
5443,均豪,0.03185956143091249,0.03711698625237366,422163924.4597796,外資主導,高波動,中小型股
2303,聯電,0.1809411518941673,0.02631984953156922,4219855894.2364545,外資主導,低波動,大型股
6230,尼得科超眾,0.035042462537317756,0.03628507964969282,68157196.94351994,外資主導,高波動,中小型股
3081,聯亞,0.15045802213623685,0.04314252536000796,375995893.48490477,外資主導,高波動,中小型股
3105,穩懋,0.13095904752629528,0.03696126683715041,917284484.0495619,外資主導,高波動,大型股
2455,全新,0.3337171351752545,0.04307696040930265,515509071.00239754,投信主導,高波動,中小型股
3163,波若威,0.026342943677896982,0.04054130413543561,546424591.998647,外資主導,高波動,中小型股
3363,上詮,0.04659260789771139,0.042941681659278585,515712100.68136305,外資主導,高波動,中小型股
6442,光聖,0.037398184100662715,0.04130775764660168,366304946.9327129,外資主導,高波動,中小型股
3380,明泰,0.007730032338763805,0.0318741701282863,113466623.48412202,外資主導,低波動,中小型股
6830,汎銓,0.11728561327901417,0.03736606815292877,89115949.84561412,外資主導,高波動,中小型股
3587,閎康,0.3019863064534085,0.03892681689488803,210933126.03362957,投信主導,高波動,中小型股
3289,宜特,0.18653686814541157,0.036454354318006525,217494262.56916913,外資主導,高波動,中小型股
1503,,0.17178263584246248,0.03231227405933586,810439195.1303484,外資主導,低波動,大型股
1513,,0.1259761833637434,0.03526848475729423,1735032064.826519,外資主導,低波動,大型股
1514,,0.029583854977472877,0.03664333777854299,684207871.8428904,外資主導,高波動,大型股
1519,,0.19949250810738622,0.04496857064292299,1723579320.3483286,外資主導,高波動,大型股
1560,,0.20438895018810735,0.03970067008149287,798735746.1715305,外資主導,高波動,大型股
1609,,0.027346145396540362,0.035034420556834686,677191765.8437424,外資主導,低波動,大型股
2301,,0.32193914922504474,0.027757927867822413,1255499380.8629184,投信主導,低波動,大型股
2337,,0.21619278055663577,0.02747968225904118,649161817.7872134,外資主導,低波動,大型股
2355,,0.015152767312413407,0.029973250364934322,150754053.49734437,外資主導,低波動,中小型股
2385,,0.3536928522139685,0.021918874071631945,337645837.93461245,投信主導,低波動,中小型股
2404,,0.380423785971223,0.025307687567955674,294320029.4004704,投信主導,低波動,中小型股
2412,,0.20255067833816684,0.010457831297161232,882256883.8659137,外資主導,低波動,大型股
2436,,0.08369618676761889,0.039690010489995244,473046181.81755227,外資主導,高波動,中小型股
2458,,0.21940600395387902,0.030280478637201208,342525541.69157755,投信主導,低波動,中小型股
2480,,0.053862282516628016,0.017012812035645766,29995738.328350496,外資主導,低波動,中小型股
2492,,0.09386618277628937,0.03237665643231756,531485767.79398733,外資主導,低波動,中小型股
3005,,0.2911591085137922,0.028286568224100157,340059363.6398528,投信主導,低波動,中小型股
3413,,0.20542543510874645,0.03080830401902597,265258590.51373467,外資主導,低波動,中小型股
3532,,0.2709615715852741,0.03982206375919325,496761544.98899156,投信主導,高波動,中小型股
4755,,0.10471494778128267,0.036099975794558155,211542755.7410238,外資主導,高波動,中小型股
4958,,0.27322576227167356,0.02666548597147033,562868819.5457972,投信主導,低波動,中小型股
5388,,0.27278631353255695,0.028761002987267536,342360344.8755543,投信主導,低波動,中小型股
5434,,0.22015083516700437,0.020688233954898737,110558151.1697863,投信主導,低波動,中小型股
6166,,0.002562476542986191,0.029138939297251483,41069408.252910525,外資主導,低波動,中小型股
6183,,0.0009417673834562863,0.013706010931656024,2636954.56847673,外資主導,低波動,中小型股
6196,,0.061855342341319404,0.031183290762259615,203431013.09538224,外資主導,低波動,中小型股
6202,,0.09973069117023886,0.028853211771516174,169042232.76249993,外資主導,低波動,中小型股
6206,,0.14408273047672046,0.02053974526997972,36084157.3036645,外資主導,低波動,中小型股
6214,,0.22696361289725142,0.019137516495799374,79025578.48529387,投信主導,低波動,中小型股
6239,,0.3135329215262417,0.024060300504728842,421447521.77630246,投信主導,低波動,中小型股
6257,,0.17733562198617575,0.022833905238554695,218636855.0285944,外資主導,低波動,中小型股
6269,,0.21891783650986732,0.021949807852088242,238792797.79313526,外資主導,低波動,中小型股
6285,,0.2870317717094799,0.029349497654109102,586558413.3734795,投信主導,低波動,大型股
6412,,0.2702228819758186,0.025240400662471348,59688039.979863875,投信主導,低波動,中小型股
6415,,0.2381752824375214,0.05032697237993652,1370446134.2987037,投信主導,高波動,大型股
6438,,0.1576003380541845,0.03426208318662105,191130032.29769355,外資主導,低波動,中小型股
6533,,0.058315344466235534,0.047254289603402,1030760878.5873702,外資主導,高波動,大型股
6719,,0.21811034564910958,0.04295150676040392,511378406.75609314,外資主導,高波動,中小型股
6770,,0.09224523369839296,0.02985998054408598,786696147.3538775,外資主導,低波動,大型股
8081,,0.265264556337581,0.03273550709148087,147084997.64008963,投信主導,低波動,中小型股
8114,,0.21928993993197846,0.032108609787046195,110535206.68413433,投信主導,低波動,中小型股
3227,,0.18438538703847457,0.03183521204340283,331596562.43706936,外資主導,低波動,中小型股
3374,,0.29754143934392047,0.03818968114455696,784875032.9208975,投信主導,高波動,大型股
3438,,0.006159167450468764,0.04239611666538863,43037445.50444604,外資主導,高波動,中小型股
3680,,0.3208474263806797,0.04134142456094247,520237296.7275564,投信主導,高波動,中小型股
4979,,0.21147441550065535,0.04935290437494435,853743506.1778206,外資主導,高波動,大型股
4991,,0.14167826806286948,0.030114237917114966,100114486.3203661,外資主導,低波動,中小型股
5227,,0.008090784911211516,0.042922817535176516,49194373.16024042,外資主導,高波動,中小型股
5347,,0.336101263440442,0.034098794088240805,829962328.9186307,投信主導,低波動,大型股
5483,,0.3648786773710904,0.0312916913083399,930698776.5567694,投信主導,低波動,大型股
6182,,0.23499428262424732,0.03233403676828688,736054693.7340279,投信主導,低波動,大型股
6223,,0.2760474908260029,0.04422805416803069,823219974.0074975,投信主導,高波動,大型股
6488,,0.2709544036689853,0.030893395605508935,1245043475.6018214,投信主導,低波動,大型股
6510,,0.3381938368815009,0.034216140230897835,203585887.6669289,投信主導,低波動,中小型股
8050,,0.24254623830315142,0.02659356556831504,197948808.4184783,投信主導,低波動,中小型股
8086,,0.2248019303184747,0.04141259958456488,509921077.73400277,投信主導,高波動,中小型股
