period,plan,positions,hold_days,mode,total_return,mdd,cagr,win_rate,profit_factor,total_trades,sharpe,macro_veto_weeks,return_2021,return_2022,return_2023,return_2024,return_2025,return_2026
全期間,A,3,5,old,268.54,55.22,25.58,44.31,1.54,580,0.9,25,-12.08,-30.5,81.63,56.61,45.97,45.25
全期間,A,3,10,old,310.11,56.17,27.94,45.29,1.88,393,1.01,25,-18.31,-35.18,71.53,104.65,62.74,35.57
全期間,A,3,15,old,341.14,55.57,29.58,45.11,1.89,348,1.06,25,-16.63,-38.06,111.95,95.04,46.86,40.72
全期間,A,3,20,old,359.06,60.33,30.48,44.77,1.93,344,1.05,25,-23.67,-39.78,139.84,87.59,58.32,40.23
全期間,A,3,30,old,357.21,61.88,30.39,43.17,1.96,315,1.07,25,-13.73,-47.8,147.2,76.94,60.68,44.45
全期間,A,3,45,old,345.55,56.41,29.81,43.31,1.89,314,1.07,25,-8.23,-45.75,151.34,58.96,53.28,46.15
全期間,A,3,60,old,341.91,60.96,29.62,43.37,1.95,309,1.05,25,-17.7,-46.36,148.45,78.76,53.63,46.71
全期間,A,3,90,old,344.69,56.7,29.76,43.13,1.88,313,1.07,25,-8.84,-45.78,151.55,59.44,53.36,46.28
全期間,A,3,120,old,344.69,56.7,29.76,43.13,1.88,313,1.07,25,-8.84,-45.78,151.55,59.44,53.36,46.28
全期間,A,5,5,old,140.85,51.14,16.59,45.58,1.29,972,0.76,25,-10.17,-29.53,72.64,42.64,22.87,25.75
全期間,A,5,10,old,190.18,46.61,20.44,44.96,1.47,645,0.93,25,-16.85,-26.46,70.15,71.91,30.72,24.12
全期間,A,5,15,old,264.36,40.59,25.33,43.82,1.62,566,1.1,25,-18.91,-11.49,77.25,50.74,39.16,36.54
全期間,A,5,20,old,288.79,48.79,26.75,42.93,1.65,559,1.11,25,-22.56,-19.54,99.79,59.46,47.16,33.09
全期間,A,5,30,old,266.79,57.92,25.47,43.63,1.63,502,1.04,25,-16.1,-38.42,116.44,73.44,53.04,23.57
全期間,A,5,45,old,294.1,50.07,27.05,43.96,1.69,505,1.14,25,-10.74,-28.71,106.74,56.66,57.29,21.59
全期間,A,5,60,old,308.29,48.61,27.84,43.87,1.71,506,1.18,25,-9.19,-27.5,112.23,54.73,56.5,20.68
全期間,A,5,90,old,316.76,45.69,28.3,44.05,1.72,513,1.19,25,-5.96,-25.38,107.8,52.47,55.99,20.18
全期間,A,5,120,old,316.76,45.69,28.3,44.05,1.72,513,1.19,25,-5.96,-25.38,107.8,52.47,55.99,20.18
全期間,A,8,5,old,57.33,49.02,8.23,44.78,1.13,1541,0.47,25,-14.28,-33.21,73.3,17.66,9.89,22.63
全期間,A,8,10,old,120.01,40.97,14.76,43.72,1.27,1027,0.76,25,-10.81,-20.29,85.18,12.15,25.92,18.34
全期間,A,8,15,old,199.92,34.39,21.14,41.43,1.44,910,1.03,25,-13.47,-9.61,73.94,29.11,26.7,34.75
全期間,A,8,20,old,238.57,40.02,23.73,40.62,1.5,906,1.11,25,-15.84,-11.22,88.34,31.24,38.52,32.33
全期間,A,8,30,old,208.15,37.31,21.71,40.95,1.48,818,1.03,25,-11.29,-14.0,64.69,36.73,40.05,28.08
全期間,A,8,45,old,232.52,33.73,23.34,40.99,1.51,827,1.13,25,-8.91,-5.21,64.42,32.59,40.77,25.49
全期間,A,8,60,old,266.75,33.13,25.47,41.14,1.58,824,1.23,25,-6.46,-4.7,71.33,32.33,48.04,22.58
全期間,A,8,90,old,267.69,33.91,25.52,41.29,1.58,821,1.24,25,-7.4,-4.57,72.16,33.43,47.85,22.51
全期間,A,8,120,old,267.69,33.91,25.52,41.29,1.58,821,1.24,25,-7.4,-4.57,72.16,33.43,47.85,22.51
全期間,A,10,5,old,35.03,44.75,5.38,44.43,1.08,1931,0.35,25,-6.01,-34.79,61.75,12.75,10.08,9.74
全期間,A,10,10,old,81.75,36.87,10.99,43.68,1.19,1273,0.61,25,-4.3,-22.19,64.5,15.93,20.95,5.81
全期間,A,10,15,old,127.21,30.71,15.41,40.49,1.29,1109,0.8,25,-10.73,-11.09,51.14,24.61,20.78,25.86
全期間,A,10,20,old,156.05,37.5,17.84,39.22,1.34,1109,0.88,25,-9.89,-14.93,60.7,23.6,28.83,30.53
全期間,A,10,30,old,179.2,37.98,19.63,39.68,1.42,998,0.96,25,-11.75,-16.02,53.52,35.41,36.23,33.02
全期間,A,10,45,old,194.86,35.82,20.78,39.3,1.45,1000,1.03,25,-10.89,-12.72,60.92,32.36,35.19,31.65
全期間,A,10,60,old,217.59,32.88,22.36,39.96,1.48,1026,1.12,25,-4.45,-11.98,62.5,31.23,37.94,28.38
全期間,A,10,90,old,218.46,33.68,22.41,39.86,1.49,1021,1.12,25,-5.12,-12.36,63.11,33.46,37.14,28.28
全期間,A,10,120,old,218.46,33.68,22.41,39.86,1.49,1021,1.12,25,-5.12,-12.36,63.11,33.46,37.14,28.28
全期間,B,3,5,old,256.79,48.6,24.87,44.33,1.55,591,0.94,25,-8.99,-22.0,100.29,27.6,34.1,46.67
全期間,B,3,10,old,300.13,53.09,27.39,46.91,1.8,405,1.07,25,-19.05,-17.97,59.73,87.09,46.51,37.64
全期間,B,3,15,old,278.42,45.5,26.16,47.21,1.73,358,1.0,25,-5.25,-29.71,45.68,99.98,32.36,47.34
全期間,B,3,20,old,267.49,48.1,25.51,46.99,1.69,349,0.93,25,-3.73,-36.67,43.19,99.12,34.7,56.94
全期間,B,3,30,old,288.2,35.65,26.72,45.8,1.68,345,1.01,25,-7.97,-15.5,75.18,45.93,34.58,45.1
全期間,B,3,45,old,296.69,37.5,27.2,46.25,1.72,333,1.04,25,-11.17,-17.04,77.45,57.71,33.84,43.71
全期間,B,3,60,old,286.71,41.09,26.63,45.78,1.7,332,1.0,25,-10.71,-22.0,79.43,58.03,34.72,45.35
全期間,B,3,90,old,286.71,41.09,26.63,45.78,1.7,332,1.0,25,-10.71,-22.0,79.43,58.03,34.72,45.35
全期間,B,3,120,old,286.71,41.09,26.63,45.78,1.7,332,1.0,25,-10.71,-22.0,79.43,58.03,34.72,45.35
全期間,B,5,5,old,108.79,49.44,13.72,45.59,1.23,976,0.67,25,-7.75,-30.26,79.22,40.32,11.09,16.18
全期間,B,5,10,old,193.59,41.43,20.69,46.61,1.48,663,0.95,25,-11.49,-20.29,46.85,63.44,37.62,25.99
全期間,B,5,15,old,127.22,44.36,15.41,46.87,1.32,559,0.7,25,-6.19,-27.62,41.42,41.1,31.48,27.54
全期間,B,5,20,old,134.21,51.17,16.02,46.28,1.34,551,0.7,25,-3.8,-35.89,34.32,57.82,36.52,31.22
全期間,B,5,30,old,231.65,46.88,23.28,46.26,1.55,521,0.97,25,-12.0,-24.01,70.67,58.22,47.57,24.47
全期間,B,5,45,old,204.38,47.06,21.45,45.89,1.52,499,0.9,25,-16.86,-23.05,76.3,43.83,50.26,24.87
全期間,B,5,60,old,197.46,48.29,20.96,45.75,1.51,494,0.87,25,-12.43,-28.62,74.03,44.28,51.64,24.99
全期間,B,5,90,old,195.75,48.29,20.84,45.64,1.5,493,0.87,25,-12.43,-28.62,74.03,43.18,51.9,25.01
全期間,B,5,120,old,195.75,48.29,20.84,45.64,1.5,493,0.87,25,-12.43,-28.62,74.03,43.18,51.9,25.01
全期間,B,8,5,old,29.33,50.66,4.59,44.97,1.07,1530,0.31,25,-11.78,-37.26,69.27,15.63,0.03,19.35
全期間,B,8,10,old,97.18,41.78,12.59,44.32,1.24,1013,0.64,25,-12.45,-21.63,47.17,18.71,18.96,38.27
全期間,B,8,15,old,107.52,33.83,13.59,45.75,1.27,870,0.68,25,-6.13,-18.04,34.88,20.28,19.25,39.43
全期間,B,8,20,old,142.82,44.36,16.75,45.67,1.34,867,0.77,25,-7.06,-27.97,55.74,24.41,30.29,43.69
全期間,B,8,30,old,196.48,31.28,20.9,46.23,1.45,822,0.99,25,-10.47,-8.72,76.65,28.08,21.53,31.95
全期間,B,8,45,old,182.96,30.92,19.91,45.69,1.43,788,0.95,25,-10.66,-10.59,61.75,31.99,24.35,33.42
全期間,B,8,60,old,152.42,43.19,17.55,45.54,1.39,751,0.82,25,-11.87,-25.67,51.61,41.04,29.62,39.02
全期間,B,8,90,old,152.15,42.82,17.52,45.41,1.39,751,0.82,25,-11.87,-25.22,51.33,40.28,29.6,39.08
全期間,B,8,120,old,150.57,43.78,17.4,45.6,1.39,750,0.82,25,-11.87,-26.39,52.07,40.68,29.49,39.42
全期間,B,10,5,old,-1.56,47.48,-0.27,44.77,1.01,1892,0.11,25,-4.91,-39.88,59.24,8.27,-2.37,2.3
全期間,B,10,10,old,82.68,40.18,11.09,45.3,1.22,1234,0.6,25,-11.41,-23.79,43.32,19.35,17.22,34.96
全期間,B,10,15,old,125.06,27.48,15.22,46.28,1.29,1117,0.81,25,-4.61,-7.49,50.48,16.96,17.35,23.48
全期間,B,10,20,old,144.21,33.47,16.87,45.55,1.33,1102,0.84,25,-5.3,-17.78,56.27,23.17,26.95,28.36
全期間,B,10,30,old,143.56,30.99,16.81,44.22,1.34,995,0.84,25,-13.63,-8.37,56.78,22.64,26.97,26.05
全期間,B,10,45,old,139.34,32.9,16.46,43.91,1.33,977,0.82,25,-2.72,-9.24,46.11,18.39,24.3,26.07
全期間,B,10,60,old,114.7,34.88,14.27,44.09,1.29,930,0.72,25,-0.48,-23.5,42.89,20.64,26.57,29.23
全期間,B,10,90,old,112.57,37.33,14.07,44.29,1.29,919,0.71,25,-4.75,-23.12,42.06,23.91,27.15,29.69
全期間,B,10,120,old,114.86,35.57,14.29,44.23,1.29,927,0.72,25,-4.75,-20.81,46.51,18.92,26.53,29.2
全期間,C,3,5,old,269.35,51.36,25.62,46.36,1.52,591,0.92,25,-8.16,-25.61,91.43,46.76,38.88,38.55
全期間,C,3,10,old,308.17,52.43,27.83,51.5,1.89,367,1.05,25,-18.51,-27.54,89.29,78.77,42.19,43.66
全期間,C,3,15,old,245.97,73.87,24.2,48.26,1.81,288,0.83,25,-29.76,-53.38,59.18,182.38,43.47,63.85
全期間,C,3,20,old,263.92,77.17,25.3,48.25,1.83,286,0.83,25,-29.25,-59.24,79.98,186.67,45.34,68.3
全期間,C,3,30,old,253.42,60.46,24.66,46.49,1.75,271,0.86,25,-7.35,-48.61,62.79,96.54,29.97,78.51
全期間,C,3,45,old,301.33,52.58,27.46,47.97,1.91,271,0.98,25,-17.13,-35.31,69.67,121.67,21.96,63.21
全期間,C,3,60,old,327.67,43.54,28.88,47.64,1.97,275,1.06,25,-7.69,-30.13,69.26,108.13,19.81,57.1
全期間,C,3,90,old,327.67,43.54,28.88,47.64,1.97,275,1.06,25,-7.69,-30.13,69.26,108.13,19.81,57.1
全期間,C,3,120,old,327.67,43.54,28.88,47.64,1.97,275,1.06,25,-7.69,-30.13,69.26,108.13,19.81,57.1
全期間,C,5,5,old,137.45,46.08,16.3,47.39,1.27,996,0.77,25,0.41,-28.74,77.17,37.93,14.58,18.52
全期間,C,5,10,old,108.06,38.07,13.65,48.45,1.26,613,0.65,25,-6.75,-22.26,57.78,24.04,13.08,29.69
全期間,C,5,15,old,279.0,54.14,26.19,50.52,1.77,483,1.06,25,-16.51,-36.18,80.36,94.32,35.2,50.11
全期間,C,5,20,old,291.81,60.54,26.93,48.97,1.76,484,1.02,25,-16.67,-43.42,90.6,106.24,40.83,50.11
全期間,C,5,30,old,264.11,52.44,25.31,47.82,1.69,435,1.01,25,1.17,-39.03,60.59,72.94,36.32,55.92
全期間,C,5,45,old,296.34,44.53,27.18,46.58,1.76,438,1.09,25,-2.8,-29.22,57.1,73.12,31.43,61.17
全期間,C,5,60,old,298.11,44.54,27.28,46.68,1.76,437,1.09,25,-1.57,-29.15,56.88,72.29,31.41,60.73
全期間,C,5,90,old,298.11,44.54,27.28,46.68,1.76,437,1.09,25,-1.57,-29.15,56.88,72.29,31.41,60.73
全期間,C,5,120,old,298.11,44.54,27.28,46.68,1.76,437,1.09,25,-1.57,-29.15,56.88,72.29,31.41,60.73
全期間,C,8,5,old,58.18,47.45,8.34,46.98,1.12,1571,0.47,25,-9.65,-31.32,70.04,23.28,2.17,19.02
全期間,C,8,10,old,74.06,42.2,10.16,47.9,1.18,927,0.54,25,-4.46,-27.13,60.71,2.6,9.45,38.53
全期間,C,8,15,old,204.92,41.89,21.49,47.99,1.5,771,0.98,25,-2.0,-26.84,64.74,37.44,23.21,52.45
全期間,C,8,20,old,250.39,48.61,24.47,48.05,1.58,770,1.05,25,2.86,-37.11,74.07,41.1,39.75,57.8
全期間,C,8,30,old,211.69,40.57,21.96,46.45,1.51,691,0.97,25,5.84,-28.52,47.28,34.53,37.83,50.87
全期間,C,8,45,old,250.72,40.85,24.49,46.11,1.58,681,1.08,25,3.9,-28.0,67.9,28.71,40.92,53.94
全期間,C,8,60,old,256.79,40.02,24.87,45.75,1.59,682,1.1,25,6.13,-28.0,69.43,27.49,41.77,52.48
全期間,C,8,90,old,256.79,40.02,24.87,45.75,1.59,682,1.1,25,6.13,-28.0,69.43,27.49,41.77,52.48
全期間,C,8,120,old,256.79,40.02,24.87,45.75,1.59,682,1.1,25,6.13,-28.0,69.43,27.49,41.77,52.48
全期間,C,10,5,old,35.66,44.9,5.47,46.54,1.08,1966,0.36,25,0.09,-34.25,57.97,18.79,3.38,6.25
全期間,C,10,10,old,56.96,39.97,8.19,47.86,1.15,1120,0.46,25,-3.26,-25.34,47.84,-1.25,2.32,45.48
全期間,C,10,15,old,207.36,31.19,21.66,47.18,1.48,994,1.05,25,8.57,-20.31,57.83,26.98,14.09,55.35
全期間,C,10,20,old,228.56,37.69,23.08,46.69,1.52,968,1.04,25,8.65,-28.38,51.89,27.13,31.5,66.27
全期間,C,10,30,old,180.41,41.67,19.72,45.15,1.45,846,0.91,25,5.39,-30.86,39.41,29.58,27.85,66.63
全期間,C,10,45,old,201.97,38.12,21.28,45.03,1.5,835,0.97,25,6.48,-28.46,39.82,31.12,27.48,69.6
全期間,C,10,60,old,196.49,38.61,20.9,44.96,1.48,834,0.95,25,8.3,-27.09,29.9,33.12,26.91,71.1
全期間,C,10,90,old,196.49,38.61,20.9,44.96,1.48,834,0.95,25,8.3,-27.09,29.9,33.12,26.91,71.1
全期間,C,10,120,old,196.49,38.61,20.9,44.96,1.48,834,0.95,25,8.3,-27.09,29.9,33.12,26.91,71.1
全期間,D,3,5,old,222.08,55.83,22.66,46.05,1.41,582,0.82,25,6.3,-36.45,78.77,31.44,42.29,42.6
全期間,D,3,10,old,272.43,40.2,25.81,50.81,1.65,372,1.0,25,11.3,-24.43,56.68,54.67,39.21,31.25
全期間,D,3,15,old,165.83,50.07,18.61,48.8,1.47,291,0.69,25,-2.26,-29.85,9.22,108.52,20.49,41.3
全期間,D,3,20,old,152.71,60.02,17.57,45.79,1.45,273,0.63,25,-8.21,-44.23,-2.39,156.01,24.39,58.8
全期間,D,3,30,old,215.46,43.42,22.21,46.64,1.52,268,0.85,25,38.25,-27.11,57.79,38.66,1.9,40.41
全期間,D,3,45,old,142.05,44.8,16.69,44.71,1.38,255,0.64,25,22.11,-28.7,44.09,32.53,-9.25,60.41
全期間,D,3,60,old,139.34,45.5,16.46,44.71,1.38,255,0.63,25,19.9,-29.43,45.13,33.54,-9.67,61.56
全期間,D,3,90,old,139.34,45.5,16.46,44.71,1.38,255,0.63,25,19.9,-29.43,45.13,33.54,-9.67,61.56
全期間,D,3,120,old,139.34,45.5,16.46,44.71,1.38,255,0.63,25,19.9,-29.43,45.13,33.54,-9.67,61.56
全期間,D,5,5,old,123.36,52.86,15.06,47.34,1.24,959,0.71,25,2.95,-36.94,79.51,32.63,19.3,21.14
全期間,D,5,10,old,89.73,37.66,11.83,48.08,1.21,599,0.57,25,1.26,-22.42,42.42,20.8,8.0,29.98
全期間,D,5,15,old,247.7,35.51,24.31,49.69,1.63,489,1.02,25,3.08,-11.65,48.4,57.3,20.99,35.19
全期間,D,5,20,old,238.98,47.1,23.76,49.07,1.6,485,0.92,25,4.6,-28.24,46.72,64.03,30.88,43.38
全期間,D,5,30,old,249.04,35.8,24.39,48.37,1.65,430,0.95,25,10.6,-16.47,44.19,64.89,17.75,34.95
全期間,D,5,45,old,286.83,31.53,26.64,48.0,1.77,425,1.05,25,9.59,-13.45,56.37,58.16,22.42,34.71
全期間,D,5,60,old,280.26,32.19,26.26,47.98,1.76,421,1.03,25,8.68,-14.16,56.17,58.53,10.94,48.4
全期間,D,5,90,old,278.96,32.19,26.19,47.98,1.75,421,1.03,25,8.68,-14.16,56.17,58.53,10.45,48.55
全期間,D,5,120,old,278.96,32.19,26.19,47.98,1.75,421,1.03,25,8.68,-14.16,56.17,58.53,10.45,48.55
全期間,D,8,5,old,62.18,49.49,8.81,46.53,1.13,1543,0.5,25,2.98,-39.59,80.76,14.94,4.51,20.05
全期間,D,8,10,old,56.43,47.63,8.13,47.9,1.15,883,0.45,25,0.82,-34.15,51.89,3.88,7.66,38.71
全期間,D,8,15,old,264.55,21.72,25.34,47.13,1.55,783,1.2,25,15.66,4.2,64.86,15.6,26.06,25.91
全期間,D,8,20,old,274.21,27.36,25.91,46.8,1.56,782,1.13,25,15.83,-8.16,67.76,21.72,36.44,26.26
全期間,D,8,30,old,195.64,31.39,20.84,45.4,1.47,663,0.91,25,6.49,-12.35,58.07,24.58,26.77,26.87
全期間,D,8,45,old,172.33,33.2,19.11,44.18,1.43,636,0.84,25,7.49,-14.46,47.89,20.26,29.7,28.41
全期間,D,8,60,old,165.59,33.69,18.59,44.32,1.41,634,0.82,25,4.95,-14.28,50.55,26.56,15.97,33.62
全期間,D,8,90,old,194.17,33.69,20.73,44.71,1.48,633,0.9,25,4.95,-14.28,51.58,26.56,28.69,32.46
全期間,D,8,120,old,194.17,33.69,20.73,44.71,1.48,633,0.9,25,4.95,-14.28,51.58,26.56,28.69,32.46
全期間,D,10,5,old,43.18,49.8,6.47,46.21,1.09,1898,0.4,25,9.64,-41.64,68.35,11.34,8.62,9.91
全期間,D,10,10,old,33.04,45.35,5.11,46.49,1.1,1054,0.34,25,4.4,-34.18,41.07,-6.92,5.41,39.87
全期間,D,10,15,old,207.43,26.88,21.66,46.06,1.43,977,1.08,25,17.02,3.41,52.73,5.5,20.97,30.35
全期間,D,10,20,old,233.34,30.42,23.39,45.0,1.49,960,1.06,25,15.72,-9.1,61.41,2.68,35.12,41.5
全期間,D,10,30,old,152.34,30.01,17.54,43.33,1.37,810,0.82,25,7.7,-10.83,36.86,15.79,29.13,28.4
全期間,D,10,45,old,105.74,37.83,13.42,42.38,1.28,781,0.65,25,10.45,-17.21,30.48,13.31,22.6,24.13
全期間,D,10,60,old,102.79,37.49,13.14,42.01,1.28,757,0.63,25,5.29,-20.09,33.92,12.54,23.47,29.52
全期間,D,10,90,old,135.53,37.49,16.13,42.5,1.36,767,0.75,25,5.29,-20.09,45.69,14.97,26.58,32.04
全期間,D,10,120,old,135.53,37.49,16.13,42.5,1.36,767,0.75,25,5.29,-20.09,45.69,14.97,26.58,32.04
全期間,E,3,5,old,265.69,50.96,25.41,43.82,1.53,591,0.92,25,-9.69,-24.62,90.58,40.09,38.32,45.46
全期間,E,3,10,old,250.21,53.18,24.46,45.38,1.62,379,0.92,25,-18.01,-29.24,52.7,105.77,36.92,40.3
全期間,E,3,15,old,301.82,47.34,27.49,44.55,1.72,330,1.04,25,4.11,-38.9,89.14,93.07,31.38,31.66
全期間,E,3,20,old,336.4,50.62,29.34,43.64,1.75,330,1.06,25,9.53,-42.35,97.05,91.95,34.65,35.71
全期間,E,3,30,old,324.98,34.28,28.74,41.95,1.73,298,1.07,25,6.33,-17.39,79.16,46.55,36.61,34.88
全期間,E,3,45,old,373.32,34.12,31.18,43.01,1.86,279,1.17,25,3.62,-19.99,118.82,44.3,32.48,36.48
全期間,E,3,60,old,363.2,41.01,30.69,41.82,1.86,275,1.14,25,8.57,-28.43,126.71,43.84,32.86,37.58
全期間,E,3,90,old,362.01,41.47,30.63,41.97,1.86,274,1.14,25,8.57,-29.03,126.87,44.39,32.9,37.71
全期間,E,3,120,old,358.77,41.71,30.47,41.73,1.85,278,1.13,25,8.57,-30.67,127.33,45.94,33.03,38.08
全期間,E,5,5,old,109.3,51.55,13.76,44.62,1.22,975,0.66,25,-7.63,-30.48,68.32,39.97,16.64,18.61
全期間,E,5,10,old,138.46,44.67,16.38,43.91,1.34,608,0.74,25,-15.63,-25.14,26.75,73.15,36.3,26.21
全期間,E,5,15,old,203.31,38.25,21.38,42.62,1.46,535,0.95,25,4.57,-26.09,69.81,36.44,43.81,17.78
全期間,E,5,20,old,176.84,44.82,19.46,40.46,1.37,524,0.81,25,3.72,-32.55,68.91,36.29,31.4,30.82
全期間,E,5,30,old,269.34,38.76,25.62,41.58,1.57,469,1.08,25,6.74,-17.11,87.39,29.47,46.38,17.55
全期間,E,5,45,old,293.01,32.96,26.99,39.65,1.61,454,1.14,25,3.63,-15.99,104.07,29.17,44.72,18.33
全期間,E,5,60,old,279.57,35.46,26.22,39.23,1.61,441,1.1,25,3.54,-19.4,98.02,22.41,57.55,19.1
全期間,E,5,90,old,297.08,33.77,27.22,39.18,1.64,439,1.14,25,5.81,-17.4,89.25,30.75,55.48,18.11
全期間,E,5,120,old,289.74,37.35,26.81,38.99,1.63,436,1.12,25,5.81,-21.94,93.82,31.12,56.68,18.51
全期間,E,8,5,old,37.66,51.07,5.74,43.75,1.09,1536,0.36,25,-10.78,-36.69,66.92,16.99,2.68,21.55
全期間,E,8,10,old,92.91,44.08,12.16,43.11,1.23,944,0.62,25,-12.72,-22.81,45.76,12.57,44.44,20.82
全期間,E,8,15,old,142.21,32.46,16.7,42.47,1.32,817,0.81,25,-5.98,-9.87,52.91,16.31,26.47,27.08
全期間,E,8,20,old,176.31,42.06,19.42,41.2,1.37,801,0.86,25,-7.59,-19.92,73.06,15.87,40.17,32.86
全期間,E,8,30,old,256.67,32.14,24.86,40.97,1.57,703,1.11,25,-0.69,-10.83,74.54,12.76,54.39,32.55
全期間,E,8,45,old,244.28,34.37,24.09,38.29,1.55,666,1.08,25,-0.13,-13.97,50.36,27.61,53.89,35.71
全期間,E,8,60,old,205.31,39.48,21.52,37.64,1.49,643,0.96,25,-5.09,-19.3,59.23,22.58,48.02,37.99
全期間,E,8,90,old,215.36,36.88,22.2,37.21,1.49,653,1.0,25,-0.77,-16.53,55.49,18.81,50.07,37.34
全期間,E,8,120,old,208.71,38.4,21.75,37.05,1.49,645,0.98,25,-0.77,-19.45,56.64,17.53,52.29,37.76
全期間,E,10,5,old,12.88,47.44,2.14,43.81,1.04,1922,0.21,25,-0.22,-40.09,58.93,9.26,3.36,5.21
全期間,E,10,10,old,58.73,45.37,8.4,43.89,1.16,1130,0.47,25,-14.88,-25.77,46.72,9.92,27.64,22.04
全期間,E,10,15,old,178.07,21.2,19.55,43.91,1.41,1018,1.0,25,0.7,-9.0,54.37,18.35,34.77,23.24
全期間,E,10,20,old,240.23,29.8,23.83,42.03,1.51,1016,1.12,25,1.44,-12.87,66.27,19.53,51.2,28.1
全期間,E,10,30,old,221.55,26.67,22.62,39.54,1.47,875,1.04,25,-5.93,-1.19,54.04,21.47,42.35,29.88
全期間,E,10,45,old,174.4,35.15,19.27,36.86,1.42,784,0.91,25,0.87,-19.5,40.8,20.41,42.18,40.2
全期間,E,10,60,old,171.38,37.6,19.04,35.77,1.43,766,0.89,25,-7.22,-16.97,48.66,20.64,39.82,40.48
全期間,E,10,90,old,170.96,37.59,19.01,36.05,1.43,760,0.89,25,-3.34,-19.29,42.56,21.63,42.56,40.51
全期間,E,10,120,old,205.83,35.25,21.55,37.07,1.47,785,0.98,25,-3.34,-15.77,61.85,21.6,41.64,34.76
樣本外,A,3,5,old,185.47,33.79,83.53,51.8,2.37,139,2.17,19,0.0,0.0,0.0,0.0,70.67,67.27
樣本外,A,3,10,old,204.9,22.73,90.66,55.34,2.98,103,2.34,19,0.0,0.0,0.0,0.0,97.31,54.53
樣本外,A,3,15,old,213.01,19.97,93.57,56.04,2.67,91,2.28,19,0.0,0.0,0.0,0.0,85.35,68.87
樣本外,A,3,20,old,240.21,19.01,103.14,53.26,2.76,92,2.5,19,0.0,0.0,0.0,0.0,108.52,63.15
樣本外,A,3,30,old,258.59,19.01,109.42,51.14,3.12,88,2.67,19,0.0,0.0,0.0,0.0,117.89,64.57
樣本外,A,3,45,old,258.59,19.01,109.42,51.14,3.12,88,2.67,19,0.0,0.0,0.0,0.0,117.89,64.57
樣本外,A,3,60,old,258.59,19.01,109.42,51.14,3.12,88,2.67,19,0.0,0.0,0.0,0.0,117.89,64.57
樣本外,A,3,90,old,258.59,19.01,109.42,51.14,3.12,88,2.67,19,0.0,0.0,0.0,0.0,117.89,64.57
樣本外,A,3,120,old,258.59,19.01,109.42,51.14,3.12,88,2.67,19,0.0,0.0,0.0,0.0,117.89,64.57
樣本外,A,5,5,old,78.22,33.58,39.72,49.57,1.51,234,1.36,19,0.0,0.0,0.0,0.0,28.89,38.27
樣本外,A,5,10,old,91.91,24.67,45.84,51.43,1.63,175,1.53,19,0.0,0.0,0.0,0.0,45.42,31.97
樣本外,A,5,15,old,125.74,18.38,60.21,53.55,1.81,155,1.88,19,0.0,0.0,0.0,0.0,49.9,50.59
樣本外,A,5,20,old,147.82,18.0,69.1,51.28,1.9,156,2.09,19,0.0,0.0,0.0,0.0,67.53,47.93
樣本外,A,5,30,old,146.4,19.54,68.54,51.37,1.91,146,2.03,19,0.0,0.0,0.0,0.0,80.78,36.29
樣本外,A,5,45,old,161.33,13.68,74.38,50.34,2.03,145,2.22,19,0.0,0.0,0.0,0.0,92.93,35.45
樣本外,A,5,60,old,167.94,12.75,76.92,50.34,2.06,145,2.3,19,0.0,0.0,0.0,0.0,98.31,35.11
樣本外,A,5,90,old,167.94,12.75,76.92,50.34,2.06,145,2.3,19,0.0,0.0,0.0,0.0,98.31,35.11
樣本外,A,5,120,old,167.94,12.75,76.92,50.34,2.06,145,2.3,19,0.0,0.0,0.0,0.0,98.31,35.11
樣本外,A,8,5,old,42.1,26.44,22.55,48.24,1.27,398,0.93,19,0.0,0.0,0.0,0.0,13.07,25.67
樣本外,A,8,10,old,58.35,23.75,30.48,47.45,1.38,274,1.15,19,0.0,0.0,0.0,0.0,23.55,28.17
樣本外,A,8,15,old,91.96,23.2,45.86,46.12,1.59,245,1.57,19,0.0,0.0,0.0,0.0,36.34,40.79
樣本外,A,8,20,old,110.92,22.29,54.03,44.8,1.67,250,1.8,19,0.0,0.0,0.0,0.0,47.9,42.62
樣本外,A,8,30,old,137.21,22.7,64.87,47.26,1.87,237,2.11,19,0.0,0.0,0.0,0.0,69.65,39.82
樣本外,A,8,45,old,136.04,24.32,64.4,47.44,1.87,234,2.1,19,0.0,0.0,0.0,0.0,68.49,40.09
樣本外,A,8,60,old,143.98,19.42,67.58,47.44,1.93,234,2.23,19,0.0,0.0,0.0,0.0,76.43,38.29
樣本外,A,8,90,old,143.98,19.42,67.58,47.44,1.93,234,2.23,19,0.0,0.0,0.0,0.0,76.43,38.29
樣本外,A,8,120,old,143.98,19.42,67.58,47.44,1.93,234,2.23,19,0.0,0.0,0.0,0.0,76.43,38.29
樣本外,A,10,5,old,24.48,26.37,13.51,47.44,1.16,489,0.64,19,0.0,0.0,0.0,0.0,12.49,10.65
樣本外,A,10,10,old,42.72,23.46,22.86,45.7,1.3,337,0.93,19,0.0,0.0,0.0,0.0,16.69,22.31
樣本外,A,10,15,old,63.09,24.06,32.73,44.82,1.41,299,1.2,19,0.0,0.0,0.0,0.0,24.6,30.89
樣本外,A,10,20,old,98.95,22.59,48.91,44.22,1.61,303,1.69,19,0.0,0.0,0.0,0.0,41.25,40.85
樣本外,A,10,30,old,116.31,23.12,56.3,45.27,1.73,296,1.91,19,0.0,0.0,0.0,0.0,57.48,37.35
樣本外,A,10,45,old,120.84,20.54,58.19,44.59,1.76,296,1.98,19,0.0,0.0,0.0,0.0,61.26,36.95
樣本外,A,10,60,old,124.63,18.18,59.75,44.9,1.78,294,2.04,19,0.0,0.0,0.0,0.0,64.42,36.62
樣本外,A,10,90,old,124.63,18.18,59.75,44.9,1.78,294,2.04,19,0.0,0.0,0.0,0.0,64.42,36.62
樣本外,A,10,120,old,124.63,18.18,59.75,44.9,1.78,294,2.04,19,0.0,0.0,0.0,0.0,64.42,36.62
樣本外,B,3,5,old,164.99,29.46,75.78,51.08,2.31,139,2.09,19,0.0,0.0,0.0,0.0,51.46,74.95
樣本外,B,3,10,old,183.97,21.46,82.97,53.7,2.66,108,2.35,19,0.0,0.0,0.0,0.0,74.54,62.69
樣本外,B,3,15,old,166.23,28.61,76.26,55.21,2.51,96,2.08,19,0.0,0.0,0.0,0.0,49.81,77.71
樣本外,B,3,20,old,179.86,26.36,81.43,55.21,2.58,96,2.17,19,0.0,0.0,0.0,0.0,51.75,84.42
樣本外,B,3,30,old,163.05,26.36,75.04,53.12,2.36,96,1.98,19,0.0,0.0,0.0,0.0,49.22,76.29
樣本外,B,3,45,old,163.05,26.36,75.04,53.12,2.36,96,1.98,19,0.0,0.0,0.0,0.0,49.22,76.29
樣本外,B,3,60,old,163.05,26.36,75.04,53.12,2.36,96,1.98,19,0.0,0.0,0.0,0.0,49.22,76.29
樣本外,B,3,90,old,163.05,26.36,75.04,53.12,2.36,96,1.98,19,0.0,0.0,0.0,0.0,49.22,76.29
樣本外,B,3,120,old,163.05,26.36,75.04,53.12,2.36,96,1.98,19,0.0,0.0,0.0,0.0,49.22,76.29
樣本外,B,5,5,old,39.39,32.87,21.19,48.05,1.25,231,0.8,19,0.0,0.0,0.0,0.0,10.31,26.36
樣本外,B,5,10,old,94.0,27.67,46.76,50.55,1.64,182,1.57,19,0.0,0.0,0.0,0.0,38.29,40.29
樣本外,B,5,15,old,96.22,22.97,47.73,53.46,1.7,159,1.62,19,0.0,0.0,0.0,0.0,46.41,34.02
樣本外,B,5,20,old,113.8,21.32,55.25,53.46,1.8,159,1.8,19,0.0,0.0,0.0,0.0,57.58,35.68
樣本外,B,5,30,old,122.79,22.73,58.99,53.16,1.83,158,1.82,19,0.0,0.0,0.0,0.0,73.06,28.74
樣本外,B,5,45,old,125.49,21.75,60.11,53.16,1.85,158,1.85,19,0.0,0.0,0.0,0.0,75.83,28.25
樣本外,B,5,60,old,125.49,21.75,60.11,53.16,1.85,158,1.85,19,0.0,0.0,0.0,0.0,75.83,28.25
樣本外,B,5,90,old,125.49,21.75,60.11,53.16,1.85,158,1.85,19,0.0,0.0,0.0,0.0,75.83,28.25
樣本外,B,5,120,old,125.49,21.75,60.11,53.16,1.85,158,1.85,19,0.0,0.0,0.0,0.0,75.83,28.25
樣本外,B,8,5,old,21.0,28.23,11.67,46.56,1.14,393,0.55,19,0.0,0.0,0.0,0.0,0.39,20.54
樣本外,B,8,10,old,69.75,26.22,35.84,47.55,1.46,286,1.28,19,0.0,0.0,0.0,0.0,17.94,43.93
樣本外,B,8,15,old,80.38,28.47,40.7,49.4,1.52,249,1.38,19,0.0,0.0,0.0,0.0,22.46,47.3
樣本外,B,8,20,old,99.16,27.56,49.0,49.8,1.62,253,1.6,19,0.0,0.0,0.0,0.0,34.9,47.63
樣本外,B,8,30,old,115.02,28.19,55.76,50.61,1.74,247,1.79,19,0.0,0.0,0.0,0.0,42.94,50.42
樣本外,B,8,45,old,114.69,27.76,55.62,50.2,1.73,247,1.78,19,0.0,0.0,0.0,0.0,43.54,49.56
樣本外,B,8,60,old,114.69,27.76,55.62,50.2,1.73,247,1.78,19,0.0,0.0,0.0,0.0,43.54,49.56
樣本外,B,8,90,old,114.69,27.76,55.62,50.2,1.73,247,1.78,19,0.0,0.0,0.0,0.0,43.54,49.56
樣本外,B,8,120,old,114.69,27.76,55.62,50.2,1.73,247,1.78,19,0.0,0.0,0.0,0.0,43.54,49.56
樣本外,B,10,5,old,0.3,26.98,0.17,45.98,1.02,485,0.15,19,0.0,0.0,0.0,0.0,-1.88,2.22
樣本外,B,10,10,old,61.39,24.53,31.92,47.89,1.45,355,1.18,19,0.0,0.0,0.0,0.0,15.24,40.05
樣本外,B,10,15,old,63.23,26.35,32.79,47.94,1.42,315,1.19,19,0.0,0.0,0.0,0.0,19.75,36.31
樣本外,B,10,20,old,91.2,26.03,45.53,48.59,1.58,319,1.54,19,0.0,0.0,0.0,0.0,35.08,41.54
樣本外,B,10,30,old,95.56,26.36,47.43,48.21,1.62,307,1.6,19,0.0,0.0,0.0,0.0,44.5,35.33
樣本外,B,10,45,old,89.38,28.49,44.72,48.2,1.57,305,1.51,19,0.0,0.0,0.0,0.0,39.44,35.81
樣本外,B,10,60,old,88.34,28.49,44.26,48.2,1.56,305,1.5,19,0.0,0.0,0.0,0.0,39.44,35.07
樣本外,B,10,90,old,88.34,28.49,44.26,48.2,1.56,305,1.5,19,0.0,0.0,0.0,0.0,39.44,35.07
樣本外,B,10,120,old,88.34,28.49,44.26,48.2,1.56,305,1.5,19,0.0,0.0,0.0,0.0,39.44,35.07
樣本外,C,3,5,old,167.21,36.43,76.64,53.24,2.12,139,1.98,19,0.0,0.0,0.0,0.0,64.44,62.49
樣本外,C,3,10,old,187.81,29.12,84.4,58.95,3.02,95,2.18,19,0.0,0.0,0.0,0.0,65.17,74.25
樣本外,C,3,15,old,190.35,34.63,85.34,58.14,2.75,86,1.98,19,0.0,0.0,0.0,0.0,58.25,83.47
樣本外,C,3,20,old,210.51,34.28,92.68,55.81,2.85,86,2.1,19,0.0,0.0,0.0,0.0,65.36,87.78
樣本外,C,3,30,old,206.41,33.48,91.2,53.09,3.05,81,2.12,19,0.0,0.0,0.0,0.0,53.85,99.17
樣本外,C,3,45,old,202.24,33.48,89.69,53.09,3.03,81,2.09,19,0.0,0.0,0.0,0.0,50.21,101.21
樣本外,C,3,60,old,202.24,33.48,89.69,53.09,3.03,81,2.09,19,0.0,0.0,0.0,0.0,50.21,101.21
樣本外,C,3,90,old,202.24,33.48,89.69,53.09,3.03,81,2.09,19,0.0,0.0,0.0,0.0,50.21,101.21
樣本外,C,3,120,old,202.24,33.48,89.69,53.09,3.03,81,2.09,19,0.0,0.0,0.0,0.0,50.21,101.21
樣本外,C,5,5,old,56.78,37.39,29.73,50.22,1.33,231,1.03,19,0.0,0.0,0.0,0.0,19.68,31.0
樣本外,C,5,10,old,57.95,31.37,30.29,51.27,1.4,158,1.01,19,0.0,0.0,0.0,0.0,13.44,39.24
樣本外,C,5,15,old,134.95,24.84,63.96,54.61,1.98,141,1.8,19,0.0,0.0,0.0,0.0,30.59,79.92
樣本外,C,5,20,old,162.4,23.25,74.79,54.23,2.1,142,2.04,19,0.0,0.0,0.0,0.0,45.13,80.8
樣本外,C,5,30,old,141.87,26.29,66.74,51.52,2.02,132,1.83,19,0.0,0.0,0.0,0.0,31.59,83.8
樣本外,C,5,45,old,150.68,26.29,70.23,51.54,2.12,130,1.86,19,0.0,0.0,0.0,0.0,25.2,100.22
樣本外,C,5,60,old,150.68,26.29,70.23,51.54,2.12,130,1.86,19,0.0,0.0,0.0,0.0,25.2,100.22
樣本外,C,5,90,old,150.68,26.29,70.23,51.54,2.12,130,1.86,19,0.0,0.0,0.0,0.0,25.2,100.22
樣本外,C,5,120,old,150.68,26.29,70.23,51.54,2.12,130,1.86,19,0.0,0.0,0.0,0.0,25.2,100.22
樣本外,C,8,5,old,29.31,30.67,16.04,49.11,1.18,393,0.68,19,0.0,0.0,0.0,0.0,4.02,24.3
樣本外,C,8,10,old,58.9,29.55,30.74,49.4,1.39,249,1.12,19,0.0,0.0,0.0,0.0,12.19,41.63
樣本外,C,8,15,old,100.35,30.74,49.52,51.13,1.68,221,1.56,19,0.0,0.0,0.0,0.0,21.41,65.03
樣本外,C,8,20,old,134.89,29.45,63.94,50.89,1.86,224,1.87,19,0.0,0.0,0.0,0.0,37.87,70.37
樣本外,C,8,30,old,125.04,32.37,59.92,49.75,1.85,203,1.79,19,0.0,0.0,0.0,0.0,36.32,65.08
樣本外,C,8,45,old,132.47,32.37,62.95,48.53,1.91,204,1.83,19,0.0,0.0,0.0,0.0,31.18,77.21
樣本外,C,8,60,old,132.47,32.37,62.95,48.53,1.91,204,1.83,19,0.0,0.0,0.0,0.0,31.18,77.21
樣本外,C,8,90,old,132.47,32.37,62.95,48.53,1.91,204,1.83,19,0.0,0.0,0.0,0.0,31.18,77.21
樣本外,C,8,120,old,132.47,32.37,62.95,48.53,1.91,204,1.83,19,0.0,0.0,0.0,0.0,31.18,77.21
樣本外,C,10,5,old,11.83,29.69,6.69,48.46,1.08,487,0.38,19,0.0,0.0,0.0,0.0,3.85,7.68
樣本外,C,10,10,old,49.79,29.53,26.35,50.85,1.38,295,0.99,19,0.0,0.0,0.0,0.0,4.68,43.1
樣本外,C,10,15,old,77.43,30.87,39.36,49.81,1.56,265,1.33,19,0.0,0.0,0.0,0.0,12.97,57.06
樣本外,C,10,20,old,120.55,30.09,58.07,49.26,1.81,270,1.77,19,0.0,0.0,0.0,0.0,21.03,82.24
樣本外,C,10,30,old,130.28,30.93,62.06,47.86,1.9,257,1.88,19,0.0,0.0,0.0,0.0,27.2,81.04
樣本外,C,10,45,old,136.71,30.93,64.67,47.62,1.94,252,1.92,19,0.0,0.0,0.0,0.0,23.61,91.49
樣本外,C,10,60,old,136.71,30.93,64.67,47.62,1.94,252,1.92,19,0.0,0.0,0.0,0.0,23.61,91.49
樣本外,C,10,90,old,136.71,30.93,64.67,47.62,1.94,252,1.92,19,0.0,0.0,0.0,0.0,23.61,91.49
樣本外,C,10,120,old,136.71,30.93,64.67,47.62,1.94,252,1.92,19,0.0,0.0,0.0,0.0,23.61,91.49
樣本外,D,3,5,old,154.18,36.53,71.6,52.52,1.98,139,1.82,19,0.0,0.0,0.0,0.0,57.96,60.91
樣本外,D,3,10,old,147.82,30.51,69.1,56.52,2.18,92,1.8,19,0.0,0.0,0.0,0.0,57.57,57.28
樣本外,D,3,15,old,111.81,34.71,54.41,54.67,1.99,75,1.45,19,0.0,0.0,0.0,0.0,29.6,63.43
樣本外,D,3,20,old,123.24,36.06,59.18,54.05,2.07,74,1.5,19,0.0,0.0,0.0,0.0,27.25,75.44
樣本外,D,3,30,old,67.4,36.06,34.75,47.06,1.66,68,0.96,19,0.0,0.0,0.0,0.0,-19.78,108.68
樣本外,D,3,45,old,56.83,36.06,29.75,47.76,1.56,67,0.86,19,0.0,0.0,0.0,0.0,-24.73,108.37
樣本外,D,3,60,old,56.83,36.06,29.75,47.76,1.56,67,0.86,19,0.0,0.0,0.0,0.0,-24.73,108.37
樣本外,D,3,90,old,56.83,36.06,29.75,47.76,1.56,67,0.86,19,0.0,0.0,0.0,0.0,-24.73,108.37
樣本外,D,3,120,old,56.83,36.06,29.75,47.76,1.56,67,0.86,19,0.0,0.0,0.0,0.0,-24.73,108.37
樣本外,D,5,5,old,63.75,33.07,33.04,50.43,1.37,234,1.12,19,0.0,0.0,0.0,0.0,24.78,31.23
樣本外,D,5,10,old,61.46,27.98,31.96,53.06,1.46,147,1.07,19,0.0,0.0,0.0,0.0,12.06,44.08
樣本外,D,5,15,old,104.32,25.95,51.23,55.91,1.86,127,1.59,19,0.0,0.0,0.0,0.0,19.4,71.13
樣本外,D,5,20,old,138.88,25.69,65.54,55.47,2.07,128,1.92,19,0.0,0.0,0.0,0.0,35.4,76.43
樣本外,D,5,30,old,111.75,28.21,54.38,57.14,2.1,112,1.55,19,0.0,0.0,0.0,0.0,9.63,93.14
樣本外,D,5,45,old,123.49,28.21,59.28,53.57,2.2,112,1.6,19,0.0,0.0,0.0,0.0,24.46,79.56
樣本外,D,5,60,old,128.96,28.21,61.53,55.05,2.26,109,1.69,19,0.0,0.0,0.0,0.0,14.25,100.4
樣本外,D,5,90,old,126.98,28.21,60.72,55.05,2.25,109,1.67,19,0.0,0.0,0.0,0.0,12.84,101.16
樣本外,D,5,120,old,126.98,28.21,60.72,55.05,2.25,109,1.67,19,0.0,0.0,0.0,0.0,12.84,101.16
樣本外,D,8,5,old,35.63,30.12,19.29,48.32,1.21,387,0.79,19,0.0,0.0,0.0,0.0,8.55,24.95
樣本外,D,8,10,old,48.14,28.46,25.54,49.36,1.36,235,0.96,19,0.0,0.0,0.0,0.0,6.54,39.04
樣本外,D,8,15,old,61.79,25.99,32.11,49.49,1.5,198,1.13,19,0.0,0.0,0.0,0.0,13.62,42.4
樣本外,D,8,20,old,80.76,24.62,40.87,48.0,1.57,200,1.3,19,0.0,0.0,0.0,0.0,21.31,49.0
樣本外,D,8,30,old,43.84,26.8,23.42,46.2,1.36,184,0.85,19,0.0,0.0,0.0,0.0,5.2,36.73
樣本外,D,8,45,old,48.13,26.8,25.54,46.93,1.4,179,0.9,19,0.0,0.0,0.0,0.0,-2.11,51.32
樣本外,D,8,60,old,57.32,26.8,29.99,47.49,1.48,179,1.01,19,0.0,0.0,0.0,0.0,0.81,56.05
樣本外,D,8,90,old,56.71,26.8,29.7,47.49,1.48,179,1.0,19,0.0,0.0,0.0,0.0,0.23,56.34
樣本外,D,8,120,old,56.71,26.8,29.7,47.49,1.48,179,1.0,19,0.0,0.0,0.0,0.0,0.23,56.34
樣本外,D,10,5,old,24.05,28.98,13.28,48.54,1.15,480,0.61,19,0.0,0.0,0.0,0.0,11.13,11.62
樣本外,D,10,10,old,47.52,27.72,25.24,50.17,1.37,287,0.99,19,0.0,0.0,0.0,0.0,9.82,34.33
樣本外,D,10,15,old,40.9,25.4,21.96,48.56,1.34,243,0.88,19,0.0,0.0,0.0,0.0,7.27,31.36
樣本外,D,10,20,old,81.88,24.82,41.37,46.94,1.6,245,1.38,19,0.0,0.0,0.0,0.0,15.84,57.01
樣本外,D,10,30,old,36.62,26.5,19.8,44.34,1.31,221,0.77,19,0.0,0.0,0.0,0.0,1.86,34.12
樣本外,D,10,45,old,41.58,26.5,22.29,44.24,1.35,217,0.85,19,0.0,0.0,0.0,0.0,1.56,39.41
樣本外,D,10,60,old,51.28,26.5,27.08,44.91,1.43,216,0.98,19,0.0,0.0,0.0,0.0,3.41,46.3
樣本外,D,10,90,old,50.06,26.5,26.48,44.91,1.42,216,0.97,19,0.0,0.0,0.0,0.0,2.56,46.32
樣本外,D,10,120,old,50.06,26.5,26.48,44.91,1.42,216,0.97,19,0.0,0.0,0.0,0.0,2.56,46.32
樣本外,E,3,5,old,174.54,36.56,79.42,51.08,2.26,139,2.04,19,0.0,0.0,0.0,0.0,60.25,71.32
樣本外,E,3,10,old,136.85,29.31,64.73,50.96,2.02,104,1.69,19,0.0,0.0,0.0,0.0,36.25,73.84
樣本外,E,3,15,old,122.94,35.9,59.05,48.81,1.93,84,1.49,19,0.0,0.0,0.0,0.0,34.02,66.35
樣本外,E,3,20,old,151.58,33.88,70.58,48.81,2.08,84,1.7,19,0.0,0.0,0.0,0.0,43.55,75.25
樣本外,E,3,30,old,178.71,33.88,81.0,46.99,2.39,83,1.93,19,0.0,0.0,0.0,0.0,72.65,61.42
樣本外,E,3,45,old,192.71,33.88,86.21,45.68,2.51,81,1.96,19,0.0,0.0,0.0,0.0,70.35,71.83
樣本外,E,3,60,old,192.71,33.88,86.21,45.68,2.51,81,1.96,19,0.0,0.0,0.0,0.0,70.35,71.83
樣本外,E,3,90,old,192.71,33.88,86.21,45.68,2.51,81,1.96,19,0.0,0.0,0.0,0.0,70.35,71.83
樣本外,E,3,120,old,192.71,33.88,86.21,45.68,2.51,81,1.96,19,0.0,0.0,0.0,0.0,70.35,71.83
樣本外,E,5,5,old,51.08,35.99,26.98,48.07,1.31,233,0.97,19,0.0,0.0,0.0,0.0,18.24,27.77
樣本外,E,5,10,old,75.85,28.27,38.64,48.84,1.49,172,1.3,19,0.0,0.0,0.0,0.0,29.6,35.69
樣本外,E,5,15,old,65.82,25.23,34.01,47.83,1.45,138,1.13,19,0.0,0.0,0.0,0.0,21.51,36.47
樣本外,E,5,20,old,107.22,23.92,52.46,47.48,1.67,139,1.57,19,0.0,0.0,0.0,0.0,42.49,45.43
樣本外,E,5,30,old,125.4,25.02,60.07,45.93,1.77,135,1.72,19,0.0,0.0,0.0,0.0,73.11,30.21
樣本外,E,5,45,old,131.21,22.31,62.45,45.45,1.79,132,1.76,19,0.0,0.0,0.0,0.0,73.2,33.5
樣本外,E,5,60,old,157.03,16.96,72.71,46.62,1.94,133,2.07,19,0.0,0.0,0.0,0.0,99.7,28.7
樣本外,E,5,90,old,157.03,16.96,72.71,46.62,1.94,133,2.07,19,0.0,0.0,0.0,0.0,99.7,28.7
樣本外,E,5,120,old,157.03,16.96,72.71,46.62,1.94,133,2.07,19,0.0,0.0,0.0,0.0,99.7,28.7
樣本外,E,8,5,old,28.81,30.14,15.78,46.56,1.18,393,0.68,19,0.0,0.0,0.0,0.0,4.4,23.38
樣本外,E,8,10,old,70.17,25.14,36.03,45.76,1.43,271,1.32,19,0.0,0.0,0.0,0.0,37.01,24.2
樣本外,E,8,15,old,72.27,27.29,37.0,46.76,1.47,216,1.26,19,0.0,0.0,0.0,0.0,24.01,38.92
樣本外,E,8,20,old,107.28,26.27,52.49,46.85,1.65,222,1.64,19,0.0,0.0,0.0,0.0,44.61,43.34
樣本外,E,8,30,old,138.72,25.44,65.48,46.45,1.84,211,1.98,19,0.0,0.0,0.0,0.0,67.72,42.33
樣本外,E,8,45,old,136.45,28.7,64.57,46.15,1.81,208,1.9,19,0.0,0.0,0.0,0.0,59.84,47.93
樣本外,E,8,60,old,140.49,24.15,66.19,45.63,1.85,206,2.01,19,0.0,0.0,0.0,0.0,63.63,46.97
樣本外,E,8,90,old,138.63,24.15,65.44,45.15,1.84,206,1.98,19,0.0,0.0,0.0,0.0,61.89,47.41
樣本外,E,8,120,old,138.63,24.15,65.44,45.15,1.84,206,1.98,19,0.0,0.0,0.0,0.0,61.89,47.41
樣本外,E,10,5,old,8.76,28.89,4.98,45.57,1.07,485,0.32,19,0.0,0.0,0.0,0.0,3.17,5.42
樣本外,E,10,10,old,54.48,23.4,28.62,45.54,1.36,325,1.11,19,0.0,0.0,0.0,0.0,25.66,22.93
樣本外,E,10,15,old,57.76,25.86,30.2,45.35,1.4,269,1.11,19,0.0,0.0,0.0,0.0,20.9,30.48
樣本外,E,10,20,old,96.93,26.01,48.03,45.05,1.6,273,1.58,19,0.0,0.0,0.0,0.0,38.15,42.55
樣本外,E,10,30,old,129.92,23.3,61.92,43.23,1.78,266,1.95,19,0.0,0.0,0.0,0.0,60.79,42.99
樣本外,E,10,45,old,100.45,27.18,49.56,42.91,1.61,254,1.57,19,0.0,0.0,0.0,0.0,34.78,48.73
樣本外,E,10,60,old,125.82,23.47,60.24,42.25,1.75,258,1.89,19,0.0,0.0,0.0,0.0,54.12,46.53
樣本外,E,10,90,old,123.24,23.47,59.18,42.91,1.74,254,1.86,19,0.0,0.0,0.0,0.0,52.16,46.72
樣本外,E,10,120,old,123.24,23.47,59.18,42.91,1.74,254,1.86,19,0.0,0.0,0.0,0.0,52.16,46.72
